2026-03-08 23:13:46,033 INFO: setting site to local [in /Users/harikeshbyrandurgagopinath/Desktop/ICICLE_projects/edge-inference-sandbox/ct-controller/ctcontroller/provisioner.py:108]
2026-03-08 23:13:46,033 INFO: setting user to harikeshbyrandurgagopinath [in /Users/harikeshbyrandurgagopinath/Desktop/ICICLE_projects/edge-inference-sandbox/ct-controller/ctcontroller/provisioner.py:108]
2026-03-08 23:13:46,033 INFO: setting ip_addresses to localhost [in /Users/harikeshbyrandurgagopinath/Desktop/ICICLE_projects/edge-inference-sandbox/ct-controller/ctcontroller/provisioner.py:108]
2026-03-08 23:13:46,033 INFO: setting allow_attaching to True [in /Users/harikeshbyrandurgagopinath/Desktop/ICICLE_projects/edge-inference-sandbox/ct-controller/ctcontroller/provisioner.py:108]
2026-03-08 23:13:46,033 INFO: setting status to Status.READY [in /Users/harikeshbyrandurgagopinath/Desktop/ICICLE_projects/edge-inference-sandbox/ct-controller/ctcontroller/provisioner.py:108]
2026-03-08 23:13:46,033 INFO: controller.application_config = {'node_type': 'Jetson', 'gpu': True, 'run_dir': '/Users/harikeshbyrandurgagopinath/custom_jetson_run', 'app_type': 'custom_jetson_infer', 'local_app_dir': '/Users/harikeshbyrandurgagopinath/Desktop/ICICLE_projects/edge-inference-sandbox/ct-controller/ctcontroller/jetson_app', 'container_name': 'custom-jetson-app', 'image_name': 'custom-jetson-app:dev', 'requesting_user': 'harikeshbyrandurgagopinath', 'job_id': 'CfTLPQE'} [in /Users/harikeshbyrandurgagopinath/Desktop/ICICLE_projects/edge-inference-sandbox/ct-controller/ctcontroller/ct_main.py:49]
2026-03-08 23:13:46,033 INFO: controller.provisioner_config = {'num_nodes': '1', 'target_site': 'local', 'node_type': 'Jetson', 'gpu': True, 'config_path': '/Users/harikeshbyrandurgagopinath/Desktop/ICICLE_projects/edge-inference-sandbox/ct-controller/config.dev.yml', 'requesting_user': 'harikeshbyrandurgagopinath', 'job_id': 'CfTLPQE'} [in /Users/harikeshbyrandurgagopinath/Desktop/ICICLE_projects/edge-inference-sandbox/ct-controller/ctcontroller/ct_main.py:50]
2026-03-08 23:13:46,035 INFO: Running hostname [in /Users/harikeshbyrandurgagopinath/Desktop/ICICLE_projects/edge-inference-sandbox/ct-controller/ctcontroller/local.py:72]
2026-03-08 23:13:46,046 INFO: Running uname -m [in /Users/harikeshbyrandurgagopinath/Desktop/ICICLE_projects/edge-inference-sandbox/ct-controller/ctcontroller/local.py:72]
2026-03-08 23:13:46,053 INFO: CustomJetsonAppManager.run_job() called [in /Users/harikeshbyrandurgagopinath/Desktop/ICICLE_projects/edge-inference-sandbox/ct-controller/ctcontroller/custom_jetson_app.py:70]
2026-03-08 23:13:46,053 INFO: run_dir=/Users/harikeshbyrandurgagopinath/custom_jetson_run [in /Users/harikeshbyrandurgagopinath/Desktop/ICICLE_projects/edge-inference-sandbox/ct-controller/ctcontroller/custom_jetson_app.py:71]
2026-03-08 23:13:46,053 INFO: local_app_dir=/Users/harikeshbyrandurgagopinath/Desktop/ICICLE_projects/edge-inference-sandbox/ct-controller/ctcontroller/jetson_app [in /Users/harikeshbyrandurgagopinath/Desktop/ICICLE_projects/edge-inference-sandbox/ct-controller/ctcontroller/custom_jetson_app.py:72]
2026-03-08 23:13:46,053 INFO: container_name=custom-jetson-app [in /Users/harikeshbyrandurgagopinath/Desktop/ICICLE_projects/edge-inference-sandbox/ct-controller/ctcontroller/custom_jetson_app.py:73]
2026-03-08 23:13:46,053 INFO: image_name=custom-jetson-app:dev [in /Users/harikeshbyrandurgagopinath/Desktop/ICICLE_projects/edge-inference-sandbox/ct-controller/ctcontroller/custom_jetson_app.py:74]
2026-03-08 23:13:46,053 INFO: Staging app from /Users/harikeshbyrandurgagopinath/Desktop/ICICLE_projects/edge-inference-sandbox/ct-controller/ctcontroller/jetson_app to /Users/harikeshbyrandurgagopinath/custom_jetson_run [in /Users/harikeshbyrandurgagopinath/Desktop/ICICLE_projects/edge-inference-sandbox/ct-controller/ctcontroller/custom_jetson_app.py:27]
2026-03-08 23:13:46,055 INFO: Staged app root = /Users/harikeshbyrandurgagopinath/custom_jetson_run/jetson_app [in /Users/harikeshbyrandurgagopinath/Desktop/ICICLE_projects/edge-inference-sandbox/ct-controller/ctcontroller/custom_jetson_app.py:49]
2026-03-08 23:13:46,055 INFO: Running find /Users/harikeshbyrandurgagopinath/custom_jetson_run/jetson_app -maxdepth 3 -type f | sort > /Users/harikeshbyrandurgagopinath/custom_jetson_run/staged_files.txt [in /Users/harikeshbyrandurgagopinath/Desktop/ICICLE_projects/edge-inference-sandbox/ct-controller/ctcontroller/local.py:72]
2026-03-08 23:13:46,065 INFO: Executing staged app: /Users/harikeshbyrandurgagopinath/custom_jetson_run/jetson_app/app/main.py [in /Users/harikeshbyrandurgagopinath/Desktop/ICICLE_projects/edge-inference-sandbox/ct-controller/ctcontroller/custom_jetson_app.py:58]
2026-03-08 23:13:46,065 INFO: Running "cd /Users/harikeshbyrandurgagopinath/custom_jetson_run/jetson_app && python app/main.py".
Logging stdout=>/Users/harikeshbyrandurgagopinath/Desktop/ICICLE_projects/edge-inference-sandbox/ct-controller/output/custom_app_out.log and stderr=>/Users/harikeshbyrandurgagopinath/Desktop/ICICLE_projects/edge-inference-sandbox/ct-controller/output/custom_app_err.log [in /Users/harikeshbyrandurgagopinath/Desktop/ICICLE_projects/edge-inference-sandbox/ct-controller/ctcontroller/local.py:87]
2026-03-08 23:13:46,085 INFO: CustomJetsonAppManager.shutdown_job() called [in /Users/harikeshbyrandurgagopinath/Desktop/ICICLE_projects/edge-inference-sandbox/ct-controller/ctcontroller/custom_jetson_app.py:82]
2026-03-08 23:13:46,085 INFO: setting status to Status.SHUTDOWN [in /Users/harikeshbyrandurgagopinath/Desktop/ICICLE_projects/edge-inference-sandbox/ct-controller/ctcontroller/provisioner.py:108]
2026-03-08 23:19:43,084 INFO: setting site to local [in /Users/harikeshbyrandurgagopinath/Desktop/ICICLE_projects/edge-inference-sandbox/ct-controller/ctcontroller/provisioner.py:108]
2026-03-08 23:19:43,084 INFO: setting user to harikeshbyrandurgagopinath [in /Users/harikeshbyrandurgagopinath/Desktop/ICICLE_projects/edge-inference-sandbox/ct-controller/ctcontroller/provisioner.py:108]
2026-03-08 23:19:43,084 INFO: setting ip_addresses to localhost [in /Users/harikeshbyrandurgagopinath/Desktop/ICICLE_projects/edge-inference-sandbox/ct-controller/ctcontroller/provisioner.py:108]
2026-03-08 23:19:43,084 INFO: setting allow_attaching to True [in /Users/harikeshbyrandurgagopinath/Desktop/ICICLE_projects/edge-inference-sandbox/ct-controller/ctcontroller/provisioner.py:108]
2026-03-08 23:19:43,084 INFO: setting status to Status.READY [in /Users/harikeshbyrandurgagopinath/Desktop/ICICLE_projects/edge-inference-sandbox/ct-controller/ctcontroller/provisioner.py:108]
2026-03-08 23:19:43,084 INFO: controller.application_config = {'node_type': 'Jetson', 'gpu': True, 'run_dir': '/Users/harikeshbyrandurgagopinath/custom_jetson_run', 'app_type': 'custom_jetson_infer', 'local_app_dir': '/Users/harikeshbyrandurgagopinath/Desktop/ICICLE_projects/edge-inference-sandbox/ct-controller/ctcontroller/jetson_app', 'container_name': 'custom-jetson-app', 'image_name': 'custom-jetson-app:dev', 'requesting_user': 'harikeshbyrandurgagopinath', 'job_id': 'ZgjeILz'} [in /Users/harikeshbyrandurgagopinath/Desktop/ICICLE_projects/edge-inference-sandbox/ct-controller/ctcontroller/ct_main.py:49]
2026-03-08 23:19:43,084 INFO: controller.provisioner_config = {'num_nodes': '1', 'target_site': 'local', 'node_type': 'Jetson', 'gpu': True, 'config_path': '/Users/harikeshbyrandurgagopinath/Desktop/ICICLE_projects/edge-inference-sandbox/ct-controller/config.dev.yml', 'requesting_user': 'harikeshbyrandurgagopinath', 'job_id': 'ZgjeILz'} [in /Users/harikeshbyrandurgagopinath/Desktop/ICICLE_projects/edge-inference-sandbox/ct-controller/ctcontroller/ct_main.py:50]
2026-03-08 23:19:43,085 INFO: Running hostname [in /Users/harikeshbyrandurgagopinath/Desktop/ICICLE_projects/edge-inference-sandbox/ct-controller/ctcontroller/local.py:72]
2026-03-08 23:19:43,096 INFO: Running uname -m [in /Users/harikeshbyrandurgagopinath/Desktop/ICICLE_projects/edge-inference-sandbox/ct-controller/ctcontroller/local.py:72]
2026-03-08 23:19:43,104 INFO: CustomJetsonAppManager.run_job() called [in /Users/harikeshbyrandurgagopinath/Desktop/ICICLE_projects/edge-inference-sandbox/ct-controller/ctcontroller/custom_jetson_app.py:70]
2026-03-08 23:19:43,104 INFO: run_dir=/Users/harikeshbyrandurgagopinath/custom_jetson_run [in /Users/harikeshbyrandurgagopinath/Desktop/ICICLE_projects/edge-inference-sandbox/ct-controller/ctcontroller/custom_jetson_app.py:71]
2026-03-08 23:19:43,104 INFO: local_app_dir=/Users/harikeshbyrandurgagopinath/Desktop/ICICLE_projects/edge-inference-sandbox/ct-controller/ctcontroller/jetson_app [in /Users/harikeshbyrandurgagopinath/Desktop/ICICLE_projects/edge-inference-sandbox/ct-controller/ctcontroller/custom_jetson_app.py:72]
2026-03-08 23:19:43,104 INFO: container_name=custom-jetson-app [in /Users/harikeshbyrandurgagopinath/Desktop/ICICLE_projects/edge-inference-sandbox/ct-controller/ctcontroller/custom_jetson_app.py:73]
2026-03-08 23:19:43,104 INFO: image_name=custom-jetson-app:dev [in /Users/harikeshbyrandurgagopinath/Desktop/ICICLE_projects/edge-inference-sandbox/ct-controller/ctcontroller/custom_jetson_app.py:74]
2026-03-08 23:19:43,104 INFO: Staging app from /Users/harikeshbyrandurgagopinath/Desktop/ICICLE_projects/edge-inference-sandbox/ct-controller/ctcontroller/jetson_app to /Users/harikeshbyrandurgagopinath/custom_jetson_run [in /Users/harikeshbyrandurgagopinath/Desktop/ICICLE_projects/edge-inference-sandbox/ct-controller/ctcontroller/custom_jetson_app.py:27]
2026-03-08 23:19:43,106 INFO: Staged app root = /Users/harikeshbyrandurgagopinath/custom_jetson_run/jetson_app [in /Users/harikeshbyrandurgagopinath/Desktop/ICICLE_projects/edge-inference-sandbox/ct-controller/ctcontroller/custom_jetson_app.py:49]
2026-03-08 23:19:43,106 INFO: Running find /Users/harikeshbyrandurgagopinath/custom_jetson_run/jetson_app -maxdepth 3 -type f | sort > /Users/harikeshbyrandurgagopinath/custom_jetson_run/staged_files.txt [in /Users/harikeshbyrandurgagopinath/Desktop/ICICLE_projects/edge-inference-sandbox/ct-controller/ctcontroller/local.py:72]
2026-03-08 23:19:43,115 INFO: Executing staged app: /Users/harikeshbyrandurgagopinath/custom_jetson_run/jetson_app/app/main.py [in /Users/harikeshbyrandurgagopinath/Desktop/ICICLE_projects/edge-inference-sandbox/ct-controller/ctcontroller/custom_jetson_app.py:58]
2026-03-08 23:19:43,115 INFO: Running "cd /Users/harikeshbyrandurgagopinath/custom_jetson_run/jetson_app && python app/main.py".
Logging stdout=>/Users/harikeshbyrandurgagopinath/Desktop/ICICLE_projects/edge-inference-sandbox/ct-controller/output/custom_app_out.log and stderr=>/Users/harikeshbyrandurgagopinath/Desktop/ICICLE_projects/edge-inference-sandbox/ct-controller/output/custom_app_err.log [in /Users/harikeshbyrandurgagopinath/Desktop/ICICLE_projects/edge-inference-sandbox/ct-controller/ctcontroller/local.py:87]
2026-03-08 23:19:43,132 INFO: CustomJetsonAppManager.shutdown_job() called [in /Users/harikeshbyrandurgagopinath/Desktop/ICICLE_projects/edge-inference-sandbox/ct-controller/ctcontroller/custom_jetson_app.py:82]
2026-03-08 23:19:43,132 INFO: setting status to Status.SHUTDOWN [in /Users/harikeshbyrandurgagopinath/Desktop/ICICLE_projects/edge-inference-sandbox/ct-controller/ctcontroller/provisioner.py:108]
2026-03-08 23:24:28,397 INFO: setting site to jetson [in /Users/harikeshbyrandurgagopinath/Desktop/ICICLE_projects/edge-inference-sandbox/ct-controller/ctcontroller/provisioner.py:108]
2026-03-08 23:24:28,397 INFO: setting user to harikeshbyrandurgagopinath [in /Users/harikeshbyrandurgagopinath/Desktop/ICICLE_projects/edge-inference-sandbox/ct-controller/ctcontroller/provisioner.py:108]
2026-03-08 23:24:28,398 INFO: setting site_config to {'Name': 'jetson_key', 'Path': '/Users/harikeshbyrandurgagopinath/.ssh/jetson_key'} [in /Users/harikeshbyrandurgagopinath/Desktop/ICICLE_projects/edge-inference-sandbox/ct-controller/ctcontroller/provisioner.py:108]
2026-03-08 23:24:28,398 INFO: Using service account [in /Users/harikeshbyrandurgagopinath/Desktop/ICICLE_projects/edge-inference-sandbox/ct-controller/ctcontroller/provisioner.py:102]
2026-03-08 23:24:28,398 INFO: setting key_name to jetson_key [in /Users/harikeshbyrandurgagopinath/Desktop/ICICLE_projects/edge-inference-sandbox/ct-controller/ctcontroller/provisioner.py:108]
2026-03-08 23:24:28,398 INFO: setting private_key to /Users/harikeshbyrandurgagopinath/.ssh/jetson_key [in /Users/harikeshbyrandurgagopinath/Desktop/ICICLE_projects/edge-inference-sandbox/ct-controller/ctcontroller/provisioner.py:108]
2026-03-08 23:24:28,398 INFO: setting use_service_acct to True [in /Users/harikeshbyrandurgagopinath/Desktop/ICICLE_projects/edge-inference-sandbox/ct-controller/ctcontroller/provisioner.py:108]
2026-03-08 23:24:28,398 INFO: setting ssh_key to {'name': 'jetson_key', 'path': '/Users/harikeshbyrandurgagopinath/.ssh/jetson_key'} [in /Users/harikeshbyrandurgagopinath/Desktop/ICICLE_projects/edge-inference-sandbox/ct-controller/ctcontroller/provisioner.py:108]
2026-03-08 23:24:28,398 INFO: setting num_nodes to 1 [in /Users/harikeshbyrandurgagopinath/Desktop/ICICLE_projects/edge-inference-sandbox/ct-controller/ctcontroller/provisioner.py:108]
2026-03-08 23:24:28,398 INFO: setting node_type to Jetson [in /Users/harikeshbyrandurgagopinath/Desktop/ICICLE_projects/edge-inference-sandbox/ct-controller/ctcontroller/provisioner.py:108]
2026-03-08 23:24:28,398 INFO: setting gpu to True [in /Users/harikeshbyrandurgagopinath/Desktop/ICICLE_projects/edge-inference-sandbox/ct-controller/ctcontroller/provisioner.py:108]
2026-03-08 23:24:28,398 INFO: setting runner to None [in /Users/harikeshbyrandurgagopinath/Desktop/ICICLE_projects/edge-inference-sandbox/ct-controller/ctcontroller/provisioner.py:108]
2026-03-08 23:24:28,398 INFO: setting ip_addresses to None [in /Users/harikeshbyrandurgagopinath/Desktop/ICICLE_projects/edge-inference-sandbox/ct-controller/ctcontroller/provisioner.py:108]
2026-03-08 23:24:28,398 INFO: setting device_id to None [in /Users/harikeshbyrandurgagopinath/Desktop/ICICLE_projects/edge-inference-sandbox/ct-controller/ctcontroller/provisioner.py:108]
2026-03-08 23:24:28,398 INFO: setting status to Status.PENDING [in /Users/harikeshbyrandurgagopinath/Desktop/ICICLE_projects/edge-inference-sandbox/ct-controller/ctcontroller/provisioner.py:108]
2026-03-08 23:24:28,398 INFO: setting allow_attaching to False [in /Users/harikeshbyrandurgagopinath/Desktop/ICICLE_projects/edge-inference-sandbox/ct-controller/ctcontroller/provisioner.py:108]
2026-03-08 23:24:28,398 INFO: setting ip_addresses to 192.168.1.106 [in /Users/harikeshbyrandurgagopinath/Desktop/ICICLE_projects/edge-inference-sandbox/ct-controller/ctcontroller/provisioner.py:108]
2026-03-08 23:24:28,398 INFO: setting remote_id to jetson [in /Users/harikeshbyrandurgagopinath/Desktop/ICICLE_projects/edge-inference-sandbox/ct-controller/ctcontroller/provisioner.py:108]
2026-03-08 23:24:28,398 INFO: setting allow_attaching to True [in /Users/harikeshbyrandurgagopinath/Desktop/ICICLE_projects/edge-inference-sandbox/ct-controller/ctcontroller/provisioner.py:108]
2026-03-08 23:24:28,398 INFO: setting status to Status.READY [in /Users/harikeshbyrandurgagopinath/Desktop/ICICLE_projects/edge-inference-sandbox/ct-controller/ctcontroller/provisioner.py:108]
2026-03-08 23:24:28,398 INFO: controller.application_config = {'node_type': 'Jetson', 'gpu': True, 'run_dir': '/home/jetson/custom_jetson_run', 'app_type': 'custom_jetson_infer', 'local_app_dir': '/Users/harikeshbyrandurgagopinath/Desktop/ICICLE_projects/edge-inference-sandbox/ct-controller/ctcontroller/jetson_app', 'container_name': 'custom-jetson-app', 'image_name': 'custom-jetson-app:dev', 'requesting_user': 'harikeshbyrandurgagopinath', 'job_id': 'eIQDdNx'} [in /Users/harikeshbyrandurgagopinath/Desktop/ICICLE_projects/edge-inference-sandbox/ct-controller/ctcontroller/ct_main.py:49]
2026-03-08 23:24:28,398 INFO: controller.provisioner_config = {'num_nodes': '1', 'target_site': 'jetson', 'node_type': 'Jetson', 'gpu': True, 'target_user': 'jetson', 'config_path': '/Users/harikeshbyrandurgagopinath/Desktop/ICICLE_projects/edge-inference-sandbox/ct-controller/config.dev.yml', 'jetson_ip': '192.168.1.106', 'requesting_user': 'harikeshbyrandurgagopinath', 'job_id': 'eIQDdNx'} [in /Users/harikeshbyrandurgagopinath/Desktop/ICICLE_projects/edge-inference-sandbox/ct-controller/ctcontroller/ct_main.py:50]
2026-03-08 23:24:28,406 WARNING: os error while trying to connect to 192.168.1.106 [in /Users/harikeshbyrandurgagopinath/Desktop/ICICLE_projects/edge-inference-sandbox/ct-controller/ctcontroller/remote.py:93]
2026-03-08 23:24:38,413 WARNING: os error while trying to connect to 192.168.1.106 [in /Users/harikeshbyrandurgagopinath/Desktop/ICICLE_projects/edge-inference-sandbox/ct-controller/ctcontroller/remote.py:93]
2026-03-08 23:24:48,420 WARNING: os error while trying to connect to 192.168.1.106 [in /Users/harikeshbyrandurgagopinath/Desktop/ICICLE_projects/edge-inference-sandbox/ct-controller/ctcontroller/remote.py:93]
2026-03-08 23:24:58,427 WARNING: os error while trying to connect to 192.168.1.106 [in /Users/harikeshbyrandurgagopinath/Desktop/ICICLE_projects/edge-inference-sandbox/ct-controller/ctcontroller/remote.py:93]
2026-03-08 23:25:08,435 WARNING: os error while trying to connect to 192.168.1.106 [in /Users/harikeshbyrandurgagopinath/Desktop/ICICLE_projects/edge-inference-sandbox/ct-controller/ctcontroller/remote.py:93]
2026-03-08 23:25:18,441 WARNING: os error while trying to connect to 192.168.1.106 [in /Users/harikeshbyrandurgagopinath/Desktop/ICICLE_projects/edge-inference-sandbox/ct-controller/ctcontroller/remote.py:93]
2026-03-08 23:25:28,447 WARNING: os error while trying to connect to 192.168.1.106 [in /Users/harikeshbyrandurgagopinath/Desktop/ICICLE_projects/edge-inference-sandbox/ct-controller/ctcontroller/remote.py:93]
2026-03-08 23:25:38,453 WARNING: os error while trying to connect to 192.168.1.106 [in /Users/harikeshbyrandurgagopinath/Desktop/ICICLE_projects/edge-inference-sandbox/ct-controller/ctcontroller/remote.py:93]
2026-03-08 23:28:26,823 INFO: setting site to jetson [in /Users/harikeshbyrandurgagopinath/Desktop/ICICLE_projects/edge-inference-sandbox/ct-controller/ctcontroller/provisioner.py:108]
2026-03-08 23:28:26,823 INFO: setting user to harikeshbyrandurgagopinath [in /Users/harikeshbyrandurgagopinath/Desktop/ICICLE_projects/edge-inference-sandbox/ct-controller/ctcontroller/provisioner.py:108]
2026-03-08 23:28:26,824 INFO: setting site_config to {'Name': 'jetson_key', 'Path': '/Users/harikeshbyrandurgagopinath/.ssh/jetson_key'} [in /Users/harikeshbyrandurgagopinath/Desktop/ICICLE_projects/edge-inference-sandbox/ct-controller/ctcontroller/provisioner.py:108]
2026-03-08 23:28:26,824 INFO: Using service account [in /Users/harikeshbyrandurgagopinath/Desktop/ICICLE_projects/edge-inference-sandbox/ct-controller/ctcontroller/provisioner.py:102]
2026-03-08 23:28:26,824 INFO: setting key_name to jetson_key [in /Users/harikeshbyrandurgagopinath/Desktop/ICICLE_projects/edge-inference-sandbox/ct-controller/ctcontroller/provisioner.py:108]
2026-03-08 23:28:26,824 INFO: setting private_key to /Users/harikeshbyrandurgagopinath/.ssh/jetson_key [in /Users/harikeshbyrandurgagopinath/Desktop/ICICLE_projects/edge-inference-sandbox/ct-controller/ctcontroller/provisioner.py:108]
2026-03-08 23:28:26,824 INFO: setting use_service_acct to True [in /Users/harikeshbyrandurgagopinath/Desktop/ICICLE_projects/edge-inference-sandbox/ct-controller/ctcontroller/provisioner.py:108]
2026-03-08 23:28:26,824 INFO: setting ssh_key to {'name': 'jetson_key', 'path': '/Users/harikeshbyrandurgagopinath/.ssh/jetson_key'} [in /Users/harikeshbyrandurgagopinath/Desktop/ICICLE_projects/edge-inference-sandbox/ct-controller/ctcontroller/provisioner.py:108]
2026-03-08 23:28:26,824 INFO: setting num_nodes to 1 [in /Users/harikeshbyrandurgagopinath/Desktop/ICICLE_projects/edge-inference-sandbox/ct-controller/ctcontroller/provisioner.py:108]
2026-03-08 23:28:26,824 INFO: setting node_type to Jetson [in /Users/harikeshbyrandurgagopinath/Desktop/ICICLE_projects/edge-inference-sandbox/ct-controller/ctcontroller/provisioner.py:108]
2026-03-08 23:28:26,824 INFO: setting gpu to True [in /Users/harikeshbyrandurgagopinath/Desktop/ICICLE_projects/edge-inference-sandbox/ct-controller/ctcontroller/provisioner.py:108]
2026-03-08 23:28:26,824 INFO: setting runner to None [in /Users/harikeshbyrandurgagopinath/Desktop/ICICLE_projects/edge-inference-sandbox/ct-controller/ctcontroller/provisioner.py:108]
2026-03-08 23:28:26,824 INFO: setting ip_addresses to None [in /Users/harikeshbyrandurgagopinath/Desktop/ICICLE_projects/edge-inference-sandbox/ct-controller/ctcontroller/provisioner.py:108]
2026-03-08 23:28:26,824 INFO: setting device_id to None [in /Users/harikeshbyrandurgagopinath/Desktop/ICICLE_projects/edge-inference-sandbox/ct-controller/ctcontroller/provisioner.py:108]
2026-03-08 23:28:26,824 INFO: setting status to Status.PENDING [in /Users/harikeshbyrandurgagopinath/Desktop/ICICLE_projects/edge-inference-sandbox/ct-controller/ctcontroller/provisioner.py:108]
2026-03-08 23:28:26,824 INFO: setting allow_attaching to False [in /Users/harikeshbyrandurgagopinath/Desktop/ICICLE_projects/edge-inference-sandbox/ct-controller/ctcontroller/provisioner.py:108]
2026-03-08 23:28:26,824 INFO: setting ip_addresses to 192.168.1.106 [in /Users/harikeshbyrandurgagopinath/Desktop/ICICLE_projects/edge-inference-sandbox/ct-controller/ctcontroller/provisioner.py:108]
2026-03-08 23:28:26,824 INFO: setting remote_id to jetson [in /Users/harikeshbyrandurgagopinath/Desktop/ICICLE_projects/edge-inference-sandbox/ct-controller/ctcontroller/provisioner.py:108]
2026-03-08 23:28:26,824 INFO: setting allow_attaching to True [in /Users/harikeshbyrandurgagopinath/Desktop/ICICLE_projects/edge-inference-sandbox/ct-controller/ctcontroller/provisioner.py:108]
2026-03-08 23:28:26,824 INFO: setting status to Status.READY [in /Users/harikeshbyrandurgagopinath/Desktop/ICICLE_projects/edge-inference-sandbox/ct-controller/ctcontroller/provisioner.py:108]
2026-03-08 23:28:26,824 INFO: controller.application_config = {'node_type': 'Jetson', 'gpu': True, 'run_dir': '/home/jetson/custom_jetson_run', 'app_type': 'custom_jetson_infer', 'local_app_dir': '/Users/harikeshbyrandurgagopinath/Desktop/ICICLE_projects/edge-inference-sandbox/ct-controller/ctcontroller/jetson_app', 'container_name': 'custom-jetson-app', 'image_name': 'custom-jetson-app:dev', 'requesting_user': 'harikeshbyrandurgagopinath', 'job_id': 'YbAUZcD'} [in /Users/harikeshbyrandurgagopinath/Desktop/ICICLE_projects/edge-inference-sandbox/ct-controller/ctcontroller/ct_main.py:49]
2026-03-08 23:28:26,824 INFO: controller.provisioner_config = {'num_nodes': '1', 'target_site': 'jetson', 'node_type': 'Jetson', 'gpu': True, 'target_user': 'jetson', 'config_path': '/Users/harikeshbyrandurgagopinath/Desktop/ICICLE_projects/edge-inference-sandbox/ct-controller/config.dev.yml', 'jetson_ip': '192.168.1.106', 'requesting_user': 'harikeshbyrandurgagopinath', 'job_id': 'YbAUZcD'} [in /Users/harikeshbyrandurgagopinath/Desktop/ICICLE_projects/edge-inference-sandbox/ct-controller/ctcontroller/ct_main.py:50]
2026-03-08 23:28:26,832 WARNING: os error while trying to connect to 192.168.1.106 [in /Users/harikeshbyrandurgagopinath/Desktop/ICICLE_projects/edge-inference-sandbox/ct-controller/ctcontroller/remote.py:93]
2026-03-09 00:04:08,861 INFO: setting site to jetson [in /Users/harikeshbyrandurgagopinath/Desktop/ICICLE_projects/edge-inference-sandbox/ct-controller/ctcontroller/provisioner.py:108]
2026-03-09 00:04:08,861 INFO: setting user to harikeshbyrandurgagopinath [in /Users/harikeshbyrandurgagopinath/Desktop/ICICLE_projects/edge-inference-sandbox/ct-controller/ctcontroller/provisioner.py:108]
2026-03-09 00:04:08,862 INFO: setting site_config to {'Name': 'jetson_key', 'Path': '/Users/harikeshbyrandurgagopinath/.ssh/jetson_key'} [in /Users/harikeshbyrandurgagopinath/Desktop/ICICLE_projects/edge-inference-sandbox/ct-controller/ctcontroller/provisioner.py:108]
2026-03-09 00:04:08,862 INFO: Using service account [in /Users/harikeshbyrandurgagopinath/Desktop/ICICLE_projects/edge-inference-sandbox/ct-controller/ctcontroller/provisioner.py:102]
2026-03-09 00:04:08,863 INFO: setting key_name to jetson_key [in /Users/harikeshbyrandurgagopinath/Desktop/ICICLE_projects/edge-inference-sandbox/ct-controller/ctcontroller/provisioner.py:108]
2026-03-09 00:04:08,863 INFO: setting private_key to /Users/harikeshbyrandurgagopinath/.ssh/jetson_key [in /Users/harikeshbyrandurgagopinath/Desktop/ICICLE_projects/edge-inference-sandbox/ct-controller/ctcontroller/provisioner.py:108]
2026-03-09 00:04:08,863 INFO: setting use_service_acct to True [in /Users/harikeshbyrandurgagopinath/Desktop/ICICLE_projects/edge-inference-sandbox/ct-controller/ctcontroller/provisioner.py:108]
2026-03-09 00:04:08,863 INFO: setting ssh_key to {'name': 'jetson_key', 'path': '/Users/harikeshbyrandurgagopinath/.ssh/jetson_key'} [in /Users/harikeshbyrandurgagopinath/Desktop/ICICLE_projects/edge-inference-sandbox/ct-controller/ctcontroller/provisioner.py:108]
2026-03-09 00:04:08,863 INFO: setting num_nodes to 1 [in /Users/harikeshbyrandurgagopinath/Desktop/ICICLE_projects/edge-inference-sandbox/ct-controller/ctcontroller/provisioner.py:108]
2026-03-09 00:04:08,863 INFO: setting node_type to Jetson [in /Users/harikeshbyrandurgagopinath/Desktop/ICICLE_projects/edge-inference-sandbox/ct-controller/ctcontroller/provisioner.py:108]
2026-03-09 00:04:08,863 INFO: setting gpu to True [in /Users/harikeshbyrandurgagopinath/Desktop/ICICLE_projects/edge-inference-sandbox/ct-controller/ctcontroller/provisioner.py:108]
2026-03-09 00:04:08,863 INFO: setting runner to None [in /Users/harikeshbyrandurgagopinath/Desktop/ICICLE_projects/edge-inference-sandbox/ct-controller/ctcontroller/provisioner.py:108]
2026-03-09 00:04:08,863 INFO: setting ip_addresses to None [in /Users/harikeshbyrandurgagopinath/Desktop/ICICLE_projects/edge-inference-sandbox/ct-controller/ctcontroller/provisioner.py:108]
2026-03-09 00:04:08,863 INFO: setting device_id to None [in /Users/harikeshbyrandurgagopinath/Desktop/ICICLE_projects/edge-inference-sandbox/ct-controller/ctcontroller/provisioner.py:108]
2026-03-09 00:04:08,863 INFO: setting status to Status.PENDING [in /Users/harikeshbyrandurgagopinath/Desktop/ICICLE_projects/edge-inference-sandbox/ct-controller/ctcontroller/provisioner.py:108]
2026-03-09 00:04:08,863 INFO: setting allow_attaching to False [in /Users/harikeshbyrandurgagopinath/Desktop/ICICLE_projects/edge-inference-sandbox/ct-controller/ctcontroller/provisioner.py:108]
2026-03-09 00:04:08,863 INFO: setting ip_addresses to 192.168.1.106 [in /Users/harikeshbyrandurgagopinath/Desktop/ICICLE_projects/edge-inference-sandbox/ct-controller/ctcontroller/provisioner.py:108]
2026-03-09 00:04:08,863 INFO: setting remote_id to jetson [in /Users/harikeshbyrandurgagopinath/Desktop/ICICLE_projects/edge-inference-sandbox/ct-controller/ctcontroller/provisioner.py:108]
2026-03-09 00:04:08,863 INFO: setting allow_attaching to True [in /Users/harikeshbyrandurgagopinath/Desktop/ICICLE_projects/edge-inference-sandbox/ct-controller/ctcontroller/provisioner.py:108]
2026-03-09 00:04:08,863 INFO: setting status to Status.READY [in /Users/harikeshbyrandurgagopinath/Desktop/ICICLE_projects/edge-inference-sandbox/ct-controller/ctcontroller/provisioner.py:108]
2026-03-09 00:04:08,863 INFO: controller.application_config = {'node_type': 'Jetson', 'gpu': True, 'run_dir': '/home/jetson/custom_jetson_run', 'app_type': 'custom_jetson_infer', 'local_app_dir': '/Users/harikeshbyrandurgagopinath/Desktop/ICICLE_projects/edge-inference-sandbox/ct-controller/ctcontroller/jetson_app', 'container_name': 'custom-jetson-app', 'image_name': 'custom-jetson-app:dev', 'requesting_user': 'harikeshbyrandurgagopinath', 'job_id': 'OLsdqKD'} [in /Users/harikeshbyrandurgagopinath/Desktop/ICICLE_projects/edge-inference-sandbox/ct-controller/ctcontroller/ct_main.py:49]
2026-03-09 00:04:08,863 INFO: controller.provisioner_config = {'num_nodes': '1', 'target_site': 'jetson', 'node_type': 'Jetson', 'gpu': True, 'target_user': 'jetson', 'config_path': '/Users/harikeshbyrandurgagopinath/Desktop/ICICLE_projects/edge-inference-sandbox/ct-controller/config.dev.yml', 'jetson_ip': '192.168.1.106', 'requesting_user': 'harikeshbyrandurgagopinath', 'job_id': 'OLsdqKD'} [in /Users/harikeshbyrandurgagopinath/Desktop/ICICLE_projects/edge-inference-sandbox/ct-controller/ctcontroller/ct_main.py:50]
2026-03-09 00:04:09,259 INFO: Running "hostname" on remote server "192.168.1.106" [in /Users/harikeshbyrandurgagopinath/Desktop/ICICLE_projects/edge-inference-sandbox/ct-controller/ctcontroller/remote.py:134]
2026-03-09 00:04:09,341 INFO: Running "uname -m" on remote server "192.168.1.106" [in /Users/harikeshbyrandurgagopinath/Desktop/ICICLE_projects/edge-inference-sandbox/ct-controller/ctcontroller/remote.py:134]
2026-03-09 00:04:09,425 INFO: CustomJetsonAppManager.run_job() called [in /Users/harikeshbyrandurgagopinath/Desktop/ICICLE_projects/edge-inference-sandbox/ct-controller/ctcontroller/custom_jetson_app.py:70]
2026-03-09 00:04:09,425 INFO: run_dir=/home/jetson/custom_jetson_run [in /Users/harikeshbyrandurgagopinath/Desktop/ICICLE_projects/edge-inference-sandbox/ct-controller/ctcontroller/custom_jetson_app.py:71]
2026-03-09 00:04:09,425 INFO: local_app_dir=/Users/harikeshbyrandurgagopinath/Desktop/ICICLE_projects/edge-inference-sandbox/ct-controller/ctcontroller/jetson_app [in /Users/harikeshbyrandurgagopinath/Desktop/ICICLE_projects/edge-inference-sandbox/ct-controller/ctcontroller/custom_jetson_app.py:72]
2026-03-09 00:04:09,425 INFO: container_name=custom-jetson-app [in /Users/harikeshbyrandurgagopinath/Desktop/ICICLE_projects/edge-inference-sandbox/ct-controller/ctcontroller/custom_jetson_app.py:73]
2026-03-09 00:04:09,425 INFO: image_name=custom-jetson-app:dev [in /Users/harikeshbyrandurgagopinath/Desktop/ICICLE_projects/edge-inference-sandbox/ct-controller/ctcontroller/custom_jetson_app.py:74]
2026-03-09 00:04:09,425 INFO: Staging app from /Users/harikeshbyrandurgagopinath/Desktop/ICICLE_projects/edge-inference-sandbox/ct-controller/ctcontroller/jetson_app to /home/jetson/custom_jetson_run [in /Users/harikeshbyrandurgagopinath/Desktop/ICICLE_projects/edge-inference-sandbox/ct-controller/ctcontroller/custom_jetson_app.py:27]
2026-03-09 00:04:09,479 INFO: Copying from /Users/harikeshbyrandurgagopinath/Desktop/ICICLE_projects/edge-inference-sandbox/ct-controller/ctcontroller/jetson_app on local system to /home/jetson/custom_jetson_run on remote [in /Users/harikeshbyrandurgagopinath/Desktop/ICICLE_projects/edge-inference-sandbox/ct-controller/ctcontroller/remote.py:228]
2026-03-09 00:06:01,152 INFO: setting site to jetson [in /Users/harikeshbyrandurgagopinath/Desktop/ICICLE_projects/edge-inference-sandbox/ct-controller/ctcontroller/provisioner.py:108]
2026-03-09 00:06:01,152 INFO: setting user to harikeshbyrandurgagopinath [in /Users/harikeshbyrandurgagopinath/Desktop/ICICLE_projects/edge-inference-sandbox/ct-controller/ctcontroller/provisioner.py:108]
2026-03-09 00:06:01,153 INFO: setting site_config to {'Name': 'jetson_key', 'Path': '/Users/harikeshbyrandurgagopinath/.ssh/jetson_key'} [in /Users/harikeshbyrandurgagopinath/Desktop/ICICLE_projects/edge-inference-sandbox/ct-controller/ctcontroller/provisioner.py:108]
2026-03-09 00:06:01,153 INFO: Using service account [in /Users/harikeshbyrandurgagopinath/Desktop/ICICLE_projects/edge-inference-sandbox/ct-controller/ctcontroller/provisioner.py:102]
2026-03-09 00:06:01,153 INFO: setting key_name to jetson_key [in /Users/harikeshbyrandurgagopinath/Desktop/ICICLE_projects/edge-inference-sandbox/ct-controller/ctcontroller/provisioner.py:108]
2026-03-09 00:06:01,153 INFO: setting private_key to /Users/harikeshbyrandurgagopinath/.ssh/jetson_key [in /Users/harikeshbyrandurgagopinath/Desktop/ICICLE_projects/edge-inference-sandbox/ct-controller/ctcontroller/provisioner.py:108]
2026-03-09 00:06:01,153 INFO: setting use_service_acct to True [in /Users/harikeshbyrandurgagopinath/Desktop/ICICLE_projects/edge-inference-sandbox/ct-controller/ctcontroller/provisioner.py:108]
2026-03-09 00:06:01,153 INFO: setting ssh_key to {'name': 'jetson_key', 'path': '/Users/harikeshbyrandurgagopinath/.ssh/jetson_key'} [in /Users/harikeshbyrandurgagopinath/Desktop/ICICLE_projects/edge-inference-sandbox/ct-controller/ctcontroller/provisioner.py:108]
2026-03-09 00:06:01,153 INFO: setting num_nodes to 1 [in /Users/harikeshbyrandurgagopinath/Desktop/ICICLE_projects/edge-inference-sandbox/ct-controller/ctcontroller/provisioner.py:108]
2026-03-09 00:06:01,154 INFO: setting node_type to Jetson [in /Users/harikeshbyrandurgagopinath/Desktop/ICICLE_projects/edge-inference-sandbox/ct-controller/ctcontroller/provisioner.py:108]
2026-03-09 00:06:01,154 INFO: setting gpu to True [in /Users/harikeshbyrandurgagopinath/Desktop/ICICLE_projects/edge-inference-sandbox/ct-controller/ctcontroller/provisioner.py:108]
2026-03-09 00:06:01,154 INFO: setting runner to None [in /Users/harikeshbyrandurgagopinath/Desktop/ICICLE_projects/edge-inference-sandbox/ct-controller/ctcontroller/provisioner.py:108]
2026-03-09 00:06:01,154 INFO: setting ip_addresses to None [in /Users/harikeshbyrandurgagopinath/Desktop/ICICLE_projects/edge-inference-sandbox/ct-controller/ctcontroller/provisioner.py:108]
2026-03-09 00:06:01,154 INFO: setting device_id to None [in /Users/harikeshbyrandurgagopinath/Desktop/ICICLE_projects/edge-inference-sandbox/ct-controller/ctcontroller/provisioner.py:108]
2026-03-09 00:06:01,154 INFO: setting status to Status.PENDING [in /Users/harikeshbyrandurgagopinath/Desktop/ICICLE_projects/edge-inference-sandbox/ct-controller/ctcontroller/provisioner.py:108]
2026-03-09 00:06:01,154 INFO: setting allow_attaching to False [in /Users/harikeshbyrandurgagopinath/Desktop/ICICLE_projects/edge-inference-sandbox/ct-controller/ctcontroller/provisioner.py:108]
2026-03-09 00:06:01,154 INFO: setting ip_addresses to 192.168.1.106 [in /Users/harikeshbyrandurgagopinath/Desktop/ICICLE_projects/edge-inference-sandbox/ct-controller/ctcontroller/provisioner.py:108]
2026-03-09 00:06:01,154 INFO: setting remote_id to jetson [in /Users/harikeshbyrandurgagopinath/Desktop/ICICLE_projects/edge-inference-sandbox/ct-controller/ctcontroller/provisioner.py:108]
2026-03-09 00:06:01,154 INFO: setting allow_attaching to True [in /Users/harikeshbyrandurgagopinath/Desktop/ICICLE_projects/edge-inference-sandbox/ct-controller/ctcontroller/provisioner.py:108]
2026-03-09 00:06:01,154 INFO: setting status to Status.READY [in /Users/harikeshbyrandurgagopinath/Desktop/ICICLE_projects/edge-inference-sandbox/ct-controller/ctcontroller/provisioner.py:108]
2026-03-09 00:06:01,154 INFO: controller.application_config = {'node_type': 'Jetson', 'gpu': True, 'run_dir': '/home/jetson/custom_jetson_run', 'app_type': 'custom_jetson_infer', 'local_app_dir': '/Users/harikeshbyrandurgagopinath/Desktop/ICICLE_projects/edge-inference-sandbox/ct-controller/ctcontroller/jetson_app', 'container_name': 'custom-jetson-app', 'image_name': 'custom-jetson-app:dev', 'requesting_user': 'harikeshbyrandurgagopinath', 'job_id': 'XlDvFDQ'} [in /Users/harikeshbyrandurgagopinath/Desktop/ICICLE_projects/edge-inference-sandbox/ct-controller/ctcontroller/ct_main.py:49]
2026-03-09 00:06:01,154 INFO: controller.provisioner_config = {'num_nodes': '1', 'target_site': 'jetson', 'node_type': 'Jetson', 'gpu': True, 'target_user': 'jetson', 'config_path': '/Users/harikeshbyrandurgagopinath/Desktop/ICICLE_projects/edge-inference-sandbox/ct-controller/config.dev.yml', 'jetson_ip': '192.168.1.106', 'requesting_user': 'harikeshbyrandurgagopinath', 'job_id': 'XlDvFDQ'} [in /Users/harikeshbyrandurgagopinath/Desktop/ICICLE_projects/edge-inference-sandbox/ct-controller/ctcontroller/ct_main.py:50]
2026-03-09 00:06:01,536 INFO: Running "hostname" on remote server "192.168.1.106" [in /Users/harikeshbyrandurgagopinath/Desktop/ICICLE_projects/edge-inference-sandbox/ct-controller/ctcontroller/remote.py:134]
2026-03-09 00:06:01,617 INFO: Running "uname -m" on remote server "192.168.1.106" [in /Users/harikeshbyrandurgagopinath/Desktop/ICICLE_projects/edge-inference-sandbox/ct-controller/ctcontroller/remote.py:134]
2026-03-09 00:06:01,710 INFO: CustomJetsonAppManager.run_job() called [in /Users/harikeshbyrandurgagopinath/Desktop/ICICLE_projects/edge-inference-sandbox/ct-controller/ctcontroller/custom_jetson_app.py:63]
2026-03-09 00:06:01,711 INFO: run_dir=/home/jetson/custom_jetson_run [in /Users/harikeshbyrandurgagopinath/Desktop/ICICLE_projects/edge-inference-sandbox/ct-controller/ctcontroller/custom_jetson_app.py:64]
2026-03-09 00:06:01,711 INFO: local_app_dir=/Users/harikeshbyrandurgagopinath/Desktop/ICICLE_projects/edge-inference-sandbox/ct-controller/ctcontroller/jetson_app [in /Users/harikeshbyrandurgagopinath/Desktop/ICICLE_projects/edge-inference-sandbox/ct-controller/ctcontroller/custom_jetson_app.py:65]
2026-03-09 00:06:01,711 INFO: container_name=custom-jetson-app [in /Users/harikeshbyrandurgagopinath/Desktop/ICICLE_projects/edge-inference-sandbox/ct-controller/ctcontroller/custom_jetson_app.py:66]
2026-03-09 00:06:01,711 INFO: image_name=custom-jetson-app:dev [in /Users/harikeshbyrandurgagopinath/Desktop/ICICLE_projects/edge-inference-sandbox/ct-controller/ctcontroller/custom_jetson_app.py:67]
2026-03-09 00:06:01,711 INFO: Staging app from /Users/harikeshbyrandurgagopinath/Desktop/ICICLE_projects/edge-inference-sandbox/ct-controller/ctcontroller/jetson_app to /home/jetson/custom_jetson_run [in /Users/harikeshbyrandurgagopinath/Desktop/ICICLE_projects/edge-inference-sandbox/ct-controller/ctcontroller/custom_jetson_app.py:27]
2026-03-09 00:06:01,760 INFO: Copying from /Users/harikeshbyrandurgagopinath/Desktop/ICICLE_projects/edge-inference-sandbox/ct-controller/ctcontroller/jetson_app on local system to /home/jetson/custom_jetson_run on remote [in /Users/harikeshbyrandurgagopinath/Desktop/ICICLE_projects/edge-inference-sandbox/ct-controller/ctcontroller/remote.py:228]
2026-03-09 00:06:23,334 INFO: setting site to jetson [in /Users/harikeshbyrandurgagopinath/Desktop/ICICLE_projects/edge-inference-sandbox/ct-controller/ctcontroller/provisioner.py:108]
2026-03-09 00:06:23,335 INFO: setting user to harikeshbyrandurgagopinath [in /Users/harikeshbyrandurgagopinath/Desktop/ICICLE_projects/edge-inference-sandbox/ct-controller/ctcontroller/provisioner.py:108]
2026-03-09 00:06:23,335 INFO: setting site_config to {'Name': 'jetson_key', 'Path': '/Users/harikeshbyrandurgagopinath/.ssh/jetson_key'} [in /Users/harikeshbyrandurgagopinath/Desktop/ICICLE_projects/edge-inference-sandbox/ct-controller/ctcontroller/provisioner.py:108]
2026-03-09 00:06:23,336 INFO: Using service account [in /Users/harikeshbyrandurgagopinath/Desktop/ICICLE_projects/edge-inference-sandbox/ct-controller/ctcontroller/provisioner.py:102]
2026-03-09 00:06:23,336 INFO: setting key_name to jetson_key [in /Users/harikeshbyrandurgagopinath/Desktop/ICICLE_projects/edge-inference-sandbox/ct-controller/ctcontroller/provisioner.py:108]
2026-03-09 00:06:23,336 INFO: setting private_key to /Users/harikeshbyrandurgagopinath/.ssh/jetson_key [in /Users/harikeshbyrandurgagopinath/Desktop/ICICLE_projects/edge-inference-sandbox/ct-controller/ctcontroller/provisioner.py:108]
2026-03-09 00:06:23,336 INFO: setting use_service_acct to True [in /Users/harikeshbyrandurgagopinath/Desktop/ICICLE_projects/edge-inference-sandbox/ct-controller/ctcontroller/provisioner.py:108]
2026-03-09 00:06:23,336 INFO: setting ssh_key to {'name': 'jetson_key', 'path': '/Users/harikeshbyrandurgagopinath/.ssh/jetson_key'} [in /Users/harikeshbyrandurgagopinath/Desktop/ICICLE_projects/edge-inference-sandbox/ct-controller/ctcontroller/provisioner.py:108]
2026-03-09 00:06:23,336 INFO: setting num_nodes to 1 [in /Users/harikeshbyrandurgagopinath/Desktop/ICICLE_projects/edge-inference-sandbox/ct-controller/ctcontroller/provisioner.py:108]
2026-03-09 00:06:23,336 INFO: setting node_type to Jetson [in /Users/harikeshbyrandurgagopinath/Desktop/ICICLE_projects/edge-inference-sandbox/ct-controller/ctcontroller/provisioner.py:108]
2026-03-09 00:06:23,336 INFO: setting gpu to True [in /Users/harikeshbyrandurgagopinath/Desktop/ICICLE_projects/edge-inference-sandbox/ct-controller/ctcontroller/provisioner.py:108]
2026-03-09 00:06:23,336 INFO: setting runner to None [in /Users/harikeshbyrandurgagopinath/Desktop/ICICLE_projects/edge-inference-sandbox/ct-controller/ctcontroller/provisioner.py:108]
2026-03-09 00:06:23,336 INFO: setting ip_addresses to None [in /Users/harikeshbyrandurgagopinath/Desktop/ICICLE_projects/edge-inference-sandbox/ct-controller/ctcontroller/provisioner.py:108]
2026-03-09 00:06:23,336 INFO: setting device_id to None [in /Users/harikeshbyrandurgagopinath/Desktop/ICICLE_projects/edge-inference-sandbox/ct-controller/ctcontroller/provisioner.py:108]
2026-03-09 00:06:23,336 INFO: setting status to Status.PENDING [in /Users/harikeshbyrandurgagopinath/Desktop/ICICLE_projects/edge-inference-sandbox/ct-controller/ctcontroller/provisioner.py:108]
2026-03-09 00:06:23,336 INFO: setting allow_attaching to False [in /Users/harikeshbyrandurgagopinath/Desktop/ICICLE_projects/edge-inference-sandbox/ct-controller/ctcontroller/provisioner.py:108]
2026-03-09 00:06:23,336 INFO: setting ip_addresses to 192.168.1.106 [in /Users/harikeshbyrandurgagopinath/Desktop/ICICLE_projects/edge-inference-sandbox/ct-controller/ctcontroller/provisioner.py:108]
2026-03-09 00:06:23,336 INFO: setting remote_id to jetson [in /Users/harikeshbyrandurgagopinath/Desktop/ICICLE_projects/edge-inference-sandbox/ct-controller/ctcontroller/provisioner.py:108]
2026-03-09 00:06:23,336 INFO: setting allow_attaching to True [in /Users/harikeshbyrandurgagopinath/Desktop/ICICLE_projects/edge-inference-sandbox/ct-controller/ctcontroller/provisioner.py:108]
2026-03-09 00:06:23,336 INFO: setting status to Status.READY [in /Users/harikeshbyrandurgagopinath/Desktop/ICICLE_projects/edge-inference-sandbox/ct-controller/ctcontroller/provisioner.py:108]
2026-03-09 00:06:23,336 INFO: controller.application_config = {'node_type': 'Jetson', 'gpu': True, 'run_dir': '/home/jetson/custom_jetson_run', 'app_type': 'custom_jetson_infer', 'local_app_dir': '/Users/harikeshbyrandurgagopinath/Desktop/ICICLE_projects/edge-inference-sandbox/ct-controller/ctcontroller/jetson_app', 'container_name': 'custom-jetson-app', 'image_name': 'custom-jetson-app:dev', 'requesting_user': 'harikeshbyrandurgagopinath', 'job_id': 'dDxixrm'} [in /Users/harikeshbyrandurgagopinath/Desktop/ICICLE_projects/edge-inference-sandbox/ct-controller/ctcontroller/ct_main.py:49]
2026-03-09 00:06:23,336 INFO: controller.provisioner_config = {'num_nodes': '1', 'target_site': 'jetson', 'node_type': 'Jetson', 'gpu': True, 'target_user': 'jetson', 'config_path': '/Users/harikeshbyrandurgagopinath/Desktop/ICICLE_projects/edge-inference-sandbox/ct-controller/config.dev.yml', 'jetson_ip': '192.168.1.106', 'requesting_user': 'harikeshbyrandurgagopinath', 'job_id': 'dDxixrm'} [in /Users/harikeshbyrandurgagopinath/Desktop/ICICLE_projects/edge-inference-sandbox/ct-controller/ctcontroller/ct_main.py:50]
2026-03-09 00:06:23,715 INFO: Running "hostname" on remote server "192.168.1.106" [in /Users/harikeshbyrandurgagopinath/Desktop/ICICLE_projects/edge-inference-sandbox/ct-controller/ctcontroller/remote.py:134]
2026-03-09 00:06:23,799 INFO: Running "uname -m" on remote server "192.168.1.106" [in /Users/harikeshbyrandurgagopinath/Desktop/ICICLE_projects/edge-inference-sandbox/ct-controller/ctcontroller/remote.py:134]
2026-03-09 00:06:23,877 INFO: CustomJetsonAppManager.run_job() called [in /Users/harikeshbyrandurgagopinath/Desktop/ICICLE_projects/edge-inference-sandbox/ct-controller/ctcontroller/custom_jetson_app.py:63]
2026-03-09 00:06:23,878 INFO: run_dir=/home/jetson/custom_jetson_run [in /Users/harikeshbyrandurgagopinath/Desktop/ICICLE_projects/edge-inference-sandbox/ct-controller/ctcontroller/custom_jetson_app.py:64]
2026-03-09 00:06:23,878 INFO: local_app_dir=/Users/harikeshbyrandurgagopinath/Desktop/ICICLE_projects/edge-inference-sandbox/ct-controller/ctcontroller/jetson_app [in /Users/harikeshbyrandurgagopinath/Desktop/ICICLE_projects/edge-inference-sandbox/ct-controller/ctcontroller/custom_jetson_app.py:65]
2026-03-09 00:06:23,878 INFO: container_name=custom-jetson-app [in /Users/harikeshbyrandurgagopinath/Desktop/ICICLE_projects/edge-inference-sandbox/ct-controller/ctcontroller/custom_jetson_app.py:66]
2026-03-09 00:06:23,878 INFO: image_name=custom-jetson-app:dev [in /Users/harikeshbyrandurgagopinath/Desktop/ICICLE_projects/edge-inference-sandbox/ct-controller/ctcontroller/custom_jetson_app.py:67]
2026-03-09 00:06:23,878 INFO: Staging app from /Users/harikeshbyrandurgagopinath/Desktop/ICICLE_projects/edge-inference-sandbox/ct-controller/ctcontroller/jetson_app to /home/jetson/custom_jetson_run [in /Users/harikeshbyrandurgagopinath/Desktop/ICICLE_projects/edge-inference-sandbox/ct-controller/ctcontroller/custom_jetson_app.py:27]
2026-03-09 00:06:23,934 INFO: Copying from /Users/harikeshbyrandurgagopinath/Desktop/ICICLE_projects/edge-inference-sandbox/ct-controller/ctcontroller/jetson_app on local system to /home/jetson/custom_jetson_run on remote [in /Users/harikeshbyrandurgagopinath/Desktop/ICICLE_projects/edge-inference-sandbox/ct-controller/ctcontroller/remote.py:228]
2026-03-09 00:09:03,284 INFO: setting site to jetson [in /Users/harikeshbyrandurgagopinath/Desktop/ICICLE_projects/edge-inference-sandbox/ct-controller/ctcontroller/provisioner.py:108]
2026-03-09 00:09:03,285 INFO: setting user to harikeshbyrandurgagopinath [in /Users/harikeshbyrandurgagopinath/Desktop/ICICLE_projects/edge-inference-sandbox/ct-controller/ctcontroller/provisioner.py:108]
2026-03-09 00:09:03,285 INFO: setting site_config to {'Name': 'jetson_key', 'Path': '/Users/harikeshbyrandurgagopinath/.ssh/jetson_key'} [in /Users/harikeshbyrandurgagopinath/Desktop/ICICLE_projects/edge-inference-sandbox/ct-controller/ctcontroller/provisioner.py:108]
2026-03-09 00:09:03,286 INFO: Using service account [in /Users/harikeshbyrandurgagopinath/Desktop/ICICLE_projects/edge-inference-sandbox/ct-controller/ctcontroller/provisioner.py:102]
2026-03-09 00:09:03,286 INFO: setting key_name to jetson_key [in /Users/harikeshbyrandurgagopinath/Desktop/ICICLE_projects/edge-inference-sandbox/ct-controller/ctcontroller/provisioner.py:108]
2026-03-09 00:09:03,286 INFO: setting private_key to /Users/harikeshbyrandurgagopinath/.ssh/jetson_key [in /Users/harikeshbyrandurgagopinath/Desktop/ICICLE_projects/edge-inference-sandbox/ct-controller/ctcontroller/provisioner.py:108]
2026-03-09 00:09:03,286 INFO: setting use_service_acct to True [in /Users/harikeshbyrandurgagopinath/Desktop/ICICLE_projects/edge-inference-sandbox/ct-controller/ctcontroller/provisioner.py:108]
2026-03-09 00:09:03,286 INFO: setting ssh_key to {'name': 'jetson_key', 'path': '/Users/harikeshbyrandurgagopinath/.ssh/jetson_key'} [in /Users/harikeshbyrandurgagopinath/Desktop/ICICLE_projects/edge-inference-sandbox/ct-controller/ctcontroller/provisioner.py:108]
2026-03-09 00:09:03,286 INFO: setting num_nodes to 1 [in /Users/harikeshbyrandurgagopinath/Desktop/ICICLE_projects/edge-inference-sandbox/ct-controller/ctcontroller/provisioner.py:108]
2026-03-09 00:09:03,286 INFO: setting node_type to Jetson [in /Users/harikeshbyrandurgagopinath/Desktop/ICICLE_projects/edge-inference-sandbox/ct-controller/ctcontroller/provisioner.py:108]
2026-03-09 00:09:03,286 INFO: setting gpu to True [in /Users/harikeshbyrandurgagopinath/Desktop/ICICLE_projects/edge-inference-sandbox/ct-controller/ctcontroller/provisioner.py:108]
2026-03-09 00:09:03,286 INFO: setting runner to None [in /Users/harikeshbyrandurgagopinath/Desktop/ICICLE_projects/edge-inference-sandbox/ct-controller/ctcontroller/provisioner.py:108]
2026-03-09 00:09:03,286 INFO: setting ip_addresses to None [in /Users/harikeshbyrandurgagopinath/Desktop/ICICLE_projects/edge-inference-sandbox/ct-controller/ctcontroller/provisioner.py:108]
2026-03-09 00:09:03,286 INFO: setting device_id to None [in /Users/harikeshbyrandurgagopinath/Desktop/ICICLE_projects/edge-inference-sandbox/ct-controller/ctcontroller/provisioner.py:108]
2026-03-09 00:09:03,286 INFO: setting status to Status.PENDING [in /Users/harikeshbyrandurgagopinath/Desktop/ICICLE_projects/edge-inference-sandbox/ct-controller/ctcontroller/provisioner.py:108]
2026-03-09 00:09:03,286 INFO: setting allow_attaching to False [in /Users/harikeshbyrandurgagopinath/Desktop/ICICLE_projects/edge-inference-sandbox/ct-controller/ctcontroller/provisioner.py:108]
2026-03-09 00:09:03,286 INFO: setting ip_addresses to 192.168.1.106 [in /Users/harikeshbyrandurgagopinath/Desktop/ICICLE_projects/edge-inference-sandbox/ct-controller/ctcontroller/provisioner.py:108]
2026-03-09 00:09:03,286 INFO: setting remote_id to jetson [in /Users/harikeshbyrandurgagopinath/Desktop/ICICLE_projects/edge-inference-sandbox/ct-controller/ctcontroller/provisioner.py:108]
2026-03-09 00:09:03,286 INFO: setting allow_attaching to True [in /Users/harikeshbyrandurgagopinath/Desktop/ICICLE_projects/edge-inference-sandbox/ct-controller/ctcontroller/provisioner.py:108]
2026-03-09 00:09:03,286 INFO: setting status to Status.READY [in /Users/harikeshbyrandurgagopinath/Desktop/ICICLE_projects/edge-inference-sandbox/ct-controller/ctcontroller/provisioner.py:108]
2026-03-09 00:09:03,286 INFO: controller.application_config = {'node_type': 'Jetson', 'gpu': True, 'run_dir': '/home/jetson/custom_jetson_run', 'app_type': 'custom_jetson_infer', 'local_app_dir': '/Users/harikeshbyrandurgagopinath/Desktop/ICICLE_projects/edge-inference-sandbox/ct-controller/ctcontroller/jetson_app', 'container_name': 'custom-jetson-app', 'image_name': 'custom-jetson-app:dev', 'requesting_user': 'harikeshbyrandurgagopinath', 'job_id': 'xMnpzJF'} [in /Users/harikeshbyrandurgagopinath/Desktop/ICICLE_projects/edge-inference-sandbox/ct-controller/ctcontroller/ct_main.py:49]
2026-03-09 00:09:03,286 INFO: controller.provisioner_config = {'num_nodes': '1', 'target_site': 'jetson', 'node_type': 'Jetson', 'gpu': True, 'target_user': 'jetson', 'config_path': '/Users/harikeshbyrandurgagopinath/Desktop/ICICLE_projects/edge-inference-sandbox/ct-controller/config.dev.yml', 'jetson_ip': '192.168.1.106', 'requesting_user': 'harikeshbyrandurgagopinath', 'job_id': 'xMnpzJF'} [in /Users/harikeshbyrandurgagopinath/Desktop/ICICLE_projects/edge-inference-sandbox/ct-controller/ctcontroller/ct_main.py:50]
2026-03-09 00:10:59,703 INFO: setting site to jetson [in /Users/harikeshbyrandurgagopinath/Desktop/ICICLE_projects/edge-inference-sandbox/ct-controller/ctcontroller/provisioner.py:108]
2026-03-09 00:10:59,704 INFO: setting user to harikeshbyrandurgagopinath [in /Users/harikeshbyrandurgagopinath/Desktop/ICICLE_projects/edge-inference-sandbox/ct-controller/ctcontroller/provisioner.py:108]
2026-03-09 00:10:59,704 INFO: setting site_config to {'Name': 'jetson_key', 'Path': '/Users/harikeshbyrandurgagopinath/.ssh/jetson_key'} [in /Users/harikeshbyrandurgagopinath/Desktop/ICICLE_projects/edge-inference-sandbox/ct-controller/ctcontroller/provisioner.py:108]
2026-03-09 00:10:59,705 INFO: Using service account [in /Users/harikeshbyrandurgagopinath/Desktop/ICICLE_projects/edge-inference-sandbox/ct-controller/ctcontroller/provisioner.py:102]
2026-03-09 00:10:59,705 INFO: setting key_name to jetson_key [in /Users/harikeshbyrandurgagopinath/Desktop/ICICLE_projects/edge-inference-sandbox/ct-controller/ctcontroller/provisioner.py:108]
2026-03-09 00:10:59,705 INFO: setting private_key to /Users/harikeshbyrandurgagopinath/.ssh/jetson_key [in /Users/harikeshbyrandurgagopinath/Desktop/ICICLE_projects/edge-inference-sandbox/ct-controller/ctcontroller/provisioner.py:108]
2026-03-09 00:10:59,705 INFO: setting use_service_acct to True [in /Users/harikeshbyrandurgagopinath/Desktop/ICICLE_projects/edge-inference-sandbox/ct-controller/ctcontroller/provisioner.py:108]
2026-03-09 00:10:59,705 INFO: setting ssh_key to {'name': 'jetson_key', 'path': '/Users/harikeshbyrandurgagopinath/.ssh/jetson_key'} [in /Users/harikeshbyrandurgagopinath/Desktop/ICICLE_projects/edge-inference-sandbox/ct-controller/ctcontroller/provisioner.py:108]
2026-03-09 00:10:59,705 INFO: setting num_nodes to 1 [in /Users/harikeshbyrandurgagopinath/Desktop/ICICLE_projects/edge-inference-sandbox/ct-controller/ctcontroller/provisioner.py:108]
2026-03-09 00:10:59,705 INFO: setting node_type to Jetson [in /Users/harikeshbyrandurgagopinath/Desktop/ICICLE_projects/edge-inference-sandbox/ct-controller/ctcontroller/provisioner.py:108]
2026-03-09 00:10:59,705 INFO: setting gpu to True [in /Users/harikeshbyrandurgagopinath/Desktop/ICICLE_projects/edge-inference-sandbox/ct-controller/ctcontroller/provisioner.py:108]
2026-03-09 00:10:59,705 INFO: setting runner to None [in /Users/harikeshbyrandurgagopinath/Desktop/ICICLE_projects/edge-inference-sandbox/ct-controller/ctcontroller/provisioner.py:108]
2026-03-09 00:10:59,705 INFO: setting ip_addresses to None [in /Users/harikeshbyrandurgagopinath/Desktop/ICICLE_projects/edge-inference-sandbox/ct-controller/ctcontroller/provisioner.py:108]
2026-03-09 00:10:59,705 INFO: setting device_id to None [in /Users/harikeshbyrandurgagopinath/Desktop/ICICLE_projects/edge-inference-sandbox/ct-controller/ctcontroller/provisioner.py:108]
2026-03-09 00:10:59,705 INFO: setting status to Status.PENDING [in /Users/harikeshbyrandurgagopinath/Desktop/ICICLE_projects/edge-inference-sandbox/ct-controller/ctcontroller/provisioner.py:108]
2026-03-09 00:10:59,705 INFO: setting allow_attaching to False [in /Users/harikeshbyrandurgagopinath/Desktop/ICICLE_projects/edge-inference-sandbox/ct-controller/ctcontroller/provisioner.py:108]
2026-03-09 00:10:59,705 INFO: setting ip_addresses to 192.168.1.106 [in /Users/harikeshbyrandurgagopinath/Desktop/ICICLE_projects/edge-inference-sandbox/ct-controller/ctcontroller/provisioner.py:108]
2026-03-09 00:10:59,705 INFO: setting remote_id to jetson [in /Users/harikeshbyrandurgagopinath/Desktop/ICICLE_projects/edge-inference-sandbox/ct-controller/ctcontroller/provisioner.py:108]
2026-03-09 00:10:59,705 INFO: setting allow_attaching to True [in /Users/harikeshbyrandurgagopinath/Desktop/ICICLE_projects/edge-inference-sandbox/ct-controller/ctcontroller/provisioner.py:108]
2026-03-09 00:10:59,705 INFO: setting status to Status.READY [in /Users/harikeshbyrandurgagopinath/Desktop/ICICLE_projects/edge-inference-sandbox/ct-controller/ctcontroller/provisioner.py:108]
2026-03-09 00:10:59,705 INFO: controller.application_config = {'node_type': 'Jetson', 'gpu': True, 'run_dir': '/home/jetson/custom_jetson_run', 'app_type': 'custom_jetson_infer', 'local_app_dir': '/Users/harikeshbyrandurgagopinath/Desktop/ICICLE_projects/edge-inference-sandbox/ct-controller/ctcontroller/jetson_app', 'container_name': 'custom-jetson-app', 'image_name': 'custom-jetson-app:dev', 'requesting_user': 'harikeshbyrandurgagopinath', 'job_id': 'hTOJMzw'} [in /Users/harikeshbyrandurgagopinath/Desktop/ICICLE_projects/edge-inference-sandbox/ct-controller/ctcontroller/ct_main.py:49]
2026-03-09 00:10:59,705 INFO: controller.provisioner_config = {'num_nodes': '1', 'target_site': 'jetson', 'node_type': 'Jetson', 'gpu': True, 'target_user': 'jetson', 'config_path': '/Users/harikeshbyrandurgagopinath/Desktop/ICICLE_projects/edge-inference-sandbox/ct-controller/config.dev.yml', 'jetson_ip': '192.168.1.106', 'requesting_user': 'harikeshbyrandurgagopinath', 'job_id': 'hTOJMzw'} [in /Users/harikeshbyrandurgagopinath/Desktop/ICICLE_projects/edge-inference-sandbox/ct-controller/ctcontroller/ct_main.py:50]
2026-03-09 00:12:19,053 INFO: setting site to jetson [in /Users/harikeshbyrandurgagopinath/Desktop/ICICLE_projects/edge-inference-sandbox/ct-controller/ctcontroller/provisioner.py:108]
2026-03-09 00:12:19,053 INFO: setting user to harikeshbyrandurgagopinath [in /Users/harikeshbyrandurgagopinath/Desktop/ICICLE_projects/edge-inference-sandbox/ct-controller/ctcontroller/provisioner.py:108]
2026-03-09 00:12:19,053 INFO: setting site_config to {'Name': 'jetson_key', 'Path': '/Users/harikeshbyrandurgagopinath/.ssh/jetson_key'} [in /Users/harikeshbyrandurgagopinath/Desktop/ICICLE_projects/edge-inference-sandbox/ct-controller/ctcontroller/provisioner.py:108]
2026-03-09 00:12:19,054 INFO: Using service account [in /Users/harikeshbyrandurgagopinath/Desktop/ICICLE_projects/edge-inference-sandbox/ct-controller/ctcontroller/provisioner.py:102]
2026-03-09 00:12:19,054 INFO: setting key_name to jetson_key [in /Users/harikeshbyrandurgagopinath/Desktop/ICICLE_projects/edge-inference-sandbox/ct-controller/ctcontroller/provisioner.py:108]
2026-03-09 00:12:19,054 INFO: setting private_key to /Users/harikeshbyrandurgagopinath/.ssh/jetson_key [in /Users/harikeshbyrandurgagopinath/Desktop/ICICLE_projects/edge-inference-sandbox/ct-controller/ctcontroller/provisioner.py:108]
2026-03-09 00:12:19,054 INFO: setting use_service_acct to True [in /Users/harikeshbyrandurgagopinath/Desktop/ICICLE_projects/edge-inference-sandbox/ct-controller/ctcontroller/provisioner.py:108]
2026-03-09 00:12:19,054 INFO: setting ssh_key to {'name': 'jetson_key', 'path': '/Users/harikeshbyrandurgagopinath/.ssh/jetson_key'} [in /Users/harikeshbyrandurgagopinath/Desktop/ICICLE_projects/edge-inference-sandbox/ct-controller/ctcontroller/provisioner.py:108]
2026-03-09 00:12:19,054 INFO: setting num_nodes to 1 [in /Users/harikeshbyrandurgagopinath/Desktop/ICICLE_projects/edge-inference-sandbox/ct-controller/ctcontroller/provisioner.py:108]
2026-03-09 00:12:19,054 INFO: setting node_type to Jetson [in /Users/harikeshbyrandurgagopinath/Desktop/ICICLE_projects/edge-inference-sandbox/ct-controller/ctcontroller/provisioner.py:108]
2026-03-09 00:12:19,054 INFO: setting gpu to True [in /Users/harikeshbyrandurgagopinath/Desktop/ICICLE_projects/edge-inference-sandbox/ct-controller/ctcontroller/provisioner.py:108]
2026-03-09 00:12:19,054 INFO: setting runner to None [in /Users/harikeshbyrandurgagopinath/Desktop/ICICLE_projects/edge-inference-sandbox/ct-controller/ctcontroller/provisioner.py:108]
2026-03-09 00:12:19,054 INFO: setting ip_addresses to None [in /Users/harikeshbyrandurgagopinath/Desktop/ICICLE_projects/edge-inference-sandbox/ct-controller/ctcontroller/provisioner.py:108]
2026-03-09 00:12:19,054 INFO: setting device_id to None [in /Users/harikeshbyrandurgagopinath/Desktop/ICICLE_projects/edge-inference-sandbox/ct-controller/ctcontroller/provisioner.py:108]
2026-03-09 00:12:19,054 INFO: setting status to Status.PENDING [in /Users/harikeshbyrandurgagopinath/Desktop/ICICLE_projects/edge-inference-sandbox/ct-controller/ctcontroller/provisioner.py:108]
2026-03-09 00:12:19,054 INFO: setting allow_attaching to False [in /Users/harikeshbyrandurgagopinath/Desktop/ICICLE_projects/edge-inference-sandbox/ct-controller/ctcontroller/provisioner.py:108]
2026-03-09 00:12:19,054 INFO: setting ip_addresses to 192.168.1.106 [in /Users/harikeshbyrandurgagopinath/Desktop/ICICLE_projects/edge-inference-sandbox/ct-controller/ctcontroller/provisioner.py:108]
2026-03-09 00:12:19,054 INFO: setting remote_id to jetson [in /Users/harikeshbyrandurgagopinath/Desktop/ICICLE_projects/edge-inference-sandbox/ct-controller/ctcontroller/provisioner.py:108]
2026-03-09 00:12:19,054 INFO: setting allow_attaching to True [in /Users/harikeshbyrandurgagopinath/Desktop/ICICLE_projects/edge-inference-sandbox/ct-controller/ctcontroller/provisioner.py:108]
2026-03-09 00:12:19,054 INFO: setting status to Status.READY [in /Users/harikeshbyrandurgagopinath/Desktop/ICICLE_projects/edge-inference-sandbox/ct-controller/ctcontroller/provisioner.py:108]
2026-03-09 00:12:19,054 INFO: controller.application_config = {'node_type': 'Jetson', 'gpu': True, 'run_dir': '/home/jetson/custom_jetson_run', 'app_type': 'custom_jetson_infer', 'local_app_dir': '/Users/harikeshbyrandurgagopinath/Desktop/ICICLE_projects/edge-inference-sandbox/ct-controller/ctcontroller/jetson_app', 'container_name': 'custom-jetson-app', 'image_name': 'custom-jetson-app:dev', 'requesting_user': 'harikeshbyrandurgagopinath', 'job_id': 'qqCXbtI'} [in /Users/harikeshbyrandurgagopinath/Desktop/ICICLE_projects/edge-inference-sandbox/ct-controller/ctcontroller/ct_main.py:49]
2026-03-09 00:12:19,054 INFO: controller.provisioner_config = {'num_nodes': '1', 'target_site': 'jetson', 'node_type': 'Jetson', 'gpu': True, 'target_user': 'jetson', 'config_path': '/Users/harikeshbyrandurgagopinath/Desktop/ICICLE_projects/edge-inference-sandbox/ct-controller/config.dev.yml', 'jetson_ip': '192.168.1.106', 'requesting_user': 'harikeshbyrandurgagopinath', 'job_id': 'qqCXbtI'} [in /Users/harikeshbyrandurgagopinath/Desktop/ICICLE_projects/edge-inference-sandbox/ct-controller/ctcontroller/ct_main.py:50]
2026-03-09 00:12:19,435 INFO: Running "hostname" on remote server "192.168.1.106" [in /Users/harikeshbyrandurgagopinath/Desktop/ICICLE_projects/edge-inference-sandbox/ct-controller/ctcontroller/remote.py:134]
2026-03-09 00:12:19,513 INFO: Running "uname -m" on remote server "192.168.1.106" [in /Users/harikeshbyrandurgagopinath/Desktop/ICICLE_projects/edge-inference-sandbox/ct-controller/ctcontroller/remote.py:134]
2026-03-09 00:12:19,592 INFO: CustomJetsonAppManager.run_job() called [in /Users/harikeshbyrandurgagopinath/Desktop/ICICLE_projects/edge-inference-sandbox/ct-controller/ctcontroller/custom_jetson_app.py:63]
2026-03-09 00:12:19,593 INFO: run_dir=/home/jetson/custom_jetson_run [in /Users/harikeshbyrandurgagopinath/Desktop/ICICLE_projects/edge-inference-sandbox/ct-controller/ctcontroller/custom_jetson_app.py:64]
2026-03-09 00:12:19,593 INFO: local_app_dir=/Users/harikeshbyrandurgagopinath/Desktop/ICICLE_projects/edge-inference-sandbox/ct-controller/ctcontroller/jetson_app [in /Users/harikeshbyrandurgagopinath/Desktop/ICICLE_projects/edge-inference-sandbox/ct-controller/ctcontroller/custom_jetson_app.py:65]
2026-03-09 00:12:19,593 INFO: container_name=custom-jetson-app [in /Users/harikeshbyrandurgagopinath/Desktop/ICICLE_projects/edge-inference-sandbox/ct-controller/ctcontroller/custom_jetson_app.py:66]
2026-03-09 00:12:19,593 INFO: image_name=custom-jetson-app:dev [in /Users/harikeshbyrandurgagopinath/Desktop/ICICLE_projects/edge-inference-sandbox/ct-controller/ctcontroller/custom_jetson_app.py:67]
2026-03-09 00:12:19,593 INFO: Staging app from /Users/harikeshbyrandurgagopinath/Desktop/ICICLE_projects/edge-inference-sandbox/ct-controller/ctcontroller/jetson_app to /home/jetson/custom_jetson_run [in /Users/harikeshbyrandurgagopinath/Desktop/ICICLE_projects/edge-inference-sandbox/ct-controller/ctcontroller/custom_jetson_app.py:27]
2026-03-09 00:12:19,644 INFO: Copying from /Users/harikeshbyrandurgagopinath/Desktop/ICICLE_projects/edge-inference-sandbox/ct-controller/ctcontroller/jetson_app on local system to /home/jetson/custom_jetson_run on remote [in /Users/harikeshbyrandurgagopinath/Desktop/ICICLE_projects/edge-inference-sandbox/ct-controller/ctcontroller/remote.py:228]
2026-03-09 00:12:19,717 INFO: Staged app root = /home/jetson/custom_jetson_run/jetson_app [in /Users/harikeshbyrandurgagopinath/Desktop/ICICLE_projects/edge-inference-sandbox/ct-controller/ctcontroller/custom_jetson_app.py:42]
2026-03-09 00:12:19,717 INFO: Running "find /home/jetson/custom_jetson_run/jetson_app -maxdepth 3 -type f | sort > /home/jetson/custom_jetson_run/staged_files.txt" on remote server "192.168.1.106" [in /Users/harikeshbyrandurgagopinath/Desktop/ICICLE_projects/edge-inference-sandbox/ct-controller/ctcontroller/remote.py:134]
2026-03-09 00:12:19,807 INFO: Executing staged app: /home/jetson/custom_jetson_run/jetson_app/app/main.py [in /Users/harikeshbyrandurgagopinath/Desktop/ICICLE_projects/edge-inference-sandbox/ct-controller/ctcontroller/custom_jetson_app.py:51]
2026-03-09 00:12:19,807 INFO: Running "cd /home/jetson/custom_jetson_run/jetson_app && python app/main.py" on remote server "192.168.1.106".
Logging stdout=>/Users/harikeshbyrandurgagopinath/Desktop/ICICLE_projects/edge-inference-sandbox/ct-controller/output/custom_app_out.log and stderr=>/Users/harikeshbyrandurgagopinath/Desktop/ICICLE_projects/edge-inference-sandbox/ct-controller/output/custom_app_err.log [in /Users/harikeshbyrandurgagopinath/Desktop/ICICLE_projects/edge-inference-sandbox/ct-controller/ctcontroller/remote.py:162]
2026-03-09 00:12:19,870 INFO: CustomJetsonAppManager.shutdown_job() called [in /Users/harikeshbyrandurgagopinath/Desktop/ICICLE_projects/edge-inference-sandbox/ct-controller/ctcontroller/custom_jetson_app.py:75]
2026-03-09 00:12:19,870 INFO: setting status to Status.SHUTDOWN [in /Users/harikeshbyrandurgagopinath/Desktop/ICICLE_projects/edge-inference-sandbox/ct-controller/ctcontroller/provisioner.py:108]
2026-03-09 16:59:29,306 INFO: setting site to jetson [in /Users/harikeshbyrandurgagopinath/Desktop/ICICLE_projects/edge-inference-sandbox/ct-controller/ctcontroller/provisioner.py:108]
2026-03-09 16:59:29,306 INFO: setting user to harikeshbyrandurgagopinath [in /Users/harikeshbyrandurgagopinath/Desktop/ICICLE_projects/edge-inference-sandbox/ct-controller/ctcontroller/provisioner.py:108]
2026-03-09 16:59:29,307 INFO: setting site_config to {'Name': 'jetson_key', 'Path': '/Users/harikeshbyrandurgagopinath/.ssh/jetson_key'} [in /Users/harikeshbyrandurgagopinath/Desktop/ICICLE_projects/edge-inference-sandbox/ct-controller/ctcontroller/provisioner.py:108]
2026-03-09 16:59:29,307 INFO: Using service account [in /Users/harikeshbyrandurgagopinath/Desktop/ICICLE_projects/edge-inference-sandbox/ct-controller/ctcontroller/provisioner.py:102]
2026-03-09 16:59:29,307 INFO: setting key_name to jetson_key [in /Users/harikeshbyrandurgagopinath/Desktop/ICICLE_projects/edge-inference-sandbox/ct-controller/ctcontroller/provisioner.py:108]
2026-03-09 16:59:29,307 INFO: setting private_key to /Users/harikeshbyrandurgagopinath/.ssh/jetson_key [in /Users/harikeshbyrandurgagopinath/Desktop/ICICLE_projects/edge-inference-sandbox/ct-controller/ctcontroller/provisioner.py:108]
2026-03-09 16:59:29,307 INFO: setting use_service_acct to True [in /Users/harikeshbyrandurgagopinath/Desktop/ICICLE_projects/edge-inference-sandbox/ct-controller/ctcontroller/provisioner.py:108]
2026-03-09 16:59:29,307 INFO: setting ssh_key to {'name': 'jetson_key', 'path': '/Users/harikeshbyrandurgagopinath/.ssh/jetson_key'} [in /Users/harikeshbyrandurgagopinath/Desktop/ICICLE_projects/edge-inference-sandbox/ct-controller/ctcontroller/provisioner.py:108]
2026-03-09 16:59:29,307 INFO: setting num_nodes to 1 [in /Users/harikeshbyrandurgagopinath/Desktop/ICICLE_projects/edge-inference-sandbox/ct-controller/ctcontroller/provisioner.py:108]
2026-03-09 16:59:29,307 INFO: setting node_type to Jetson [in /Users/harikeshbyrandurgagopinath/Desktop/ICICLE_projects/edge-inference-sandbox/ct-controller/ctcontroller/provisioner.py:108]
2026-03-09 16:59:29,307 INFO: setting gpu to True [in /Users/harikeshbyrandurgagopinath/Desktop/ICICLE_projects/edge-inference-sandbox/ct-controller/ctcontroller/provisioner.py:108]
2026-03-09 16:59:29,307 INFO: setting runner to None [in /Users/harikeshbyrandurgagopinath/Desktop/ICICLE_projects/edge-inference-sandbox/ct-controller/ctcontroller/provisioner.py:108]
2026-03-09 16:59:29,307 INFO: setting ip_addresses to None [in /Users/harikeshbyrandurgagopinath/Desktop/ICICLE_projects/edge-inference-sandbox/ct-controller/ctcontroller/provisioner.py:108]
2026-03-09 16:59:29,307 INFO: setting device_id to None [in /Users/harikeshbyrandurgagopinath/Desktop/ICICLE_projects/edge-inference-sandbox/ct-controller/ctcontroller/provisioner.py:108]
2026-03-09 16:59:29,307 INFO: setting status to Status.PENDING [in /Users/harikeshbyrandurgagopinath/Desktop/ICICLE_projects/edge-inference-sandbox/ct-controller/ctcontroller/provisioner.py:108]
2026-03-09 16:59:29,308 INFO: setting allow_attaching to False [in /Users/harikeshbyrandurgagopinath/Desktop/ICICLE_projects/edge-inference-sandbox/ct-controller/ctcontroller/provisioner.py:108]
2026-03-09 16:59:29,308 INFO: setting ip_addresses to 192.168.1.178 [in /Users/harikeshbyrandurgagopinath/Desktop/ICICLE_projects/edge-inference-sandbox/ct-controller/ctcontroller/provisioner.py:108]
2026-03-09 16:59:29,308 INFO: setting remote_id to nono [in /Users/harikeshbyrandurgagopinath/Desktop/ICICLE_projects/edge-inference-sandbox/ct-controller/ctcontroller/provisioner.py:108]
2026-03-09 16:59:29,308 INFO: setting allow_attaching to True [in /Users/harikeshbyrandurgagopinath/Desktop/ICICLE_projects/edge-inference-sandbox/ct-controller/ctcontroller/provisioner.py:108]
2026-03-09 16:59:29,308 INFO: setting status to Status.READY [in /Users/harikeshbyrandurgagopinath/Desktop/ICICLE_projects/edge-inference-sandbox/ct-controller/ctcontroller/provisioner.py:108]
2026-03-09 16:59:29,308 INFO: controller.application_config = {'node_type': 'Jetson', 'gpu': True, 'run_dir': '/home/nono/custom_jetson_run', 'app_type': 'custom_jetson_infer', 'local_app_dir': '/Users/harikeshbyrandurgagopinath/Desktop/ICICLE_projects/edge-inference-sandbox/ct-controller/ctcontroller/jetson_app', 'container_name': 'custom-jetson-app', 'image_name': 'custom-jetson-app:dev', 'requesting_user': 'harikeshbyrandurgagopinath', 'job_id': 'yofsiGn'} [in /Users/harikeshbyrandurgagopinath/Desktop/ICICLE_projects/edge-inference-sandbox/ct-controller/ctcontroller/ct_main.py:49]
2026-03-09 16:59:29,308 INFO: controller.provisioner_config = {'num_nodes': '1', 'target_site': 'jetson', 'node_type': 'Jetson', 'gpu': True, 'target_user': 'nono', 'config_path': '/Users/harikeshbyrandurgagopinath/Desktop/ICICLE_projects/edge-inference-sandbox/ct-controller/config.dev.yml', 'jetson_ip': '192.168.1.178', 'requesting_user': 'harikeshbyrandurgagopinath', 'job_id': 'yofsiGn'} [in /Users/harikeshbyrandurgagopinath/Desktop/ICICLE_projects/edge-inference-sandbox/ct-controller/ctcontroller/ct_main.py:50]
2026-03-09 16:59:29,611 INFO: Running "hostname" on remote server "192.168.1.178" [in /Users/harikeshbyrandurgagopinath/Desktop/ICICLE_projects/edge-inference-sandbox/ct-controller/ctcontroller/remote.py:134]
2026-03-09 16:59:29,669 INFO: Running "uname -m" on remote server "192.168.1.178" [in /Users/harikeshbyrandurgagopinath/Desktop/ICICLE_projects/edge-inference-sandbox/ct-controller/ctcontroller/remote.py:134]
2026-03-09 16:59:29,741 INFO: CustomJetsonAppManager.run_job() called [in /Users/harikeshbyrandurgagopinath/Desktop/ICICLE_projects/edge-inference-sandbox/ct-controller/ctcontroller/custom_jetson_app.py:63]
2026-03-09 16:59:29,741 INFO: run_dir=/home/nono/custom_jetson_run [in /Users/harikeshbyrandurgagopinath/Desktop/ICICLE_projects/edge-inference-sandbox/ct-controller/ctcontroller/custom_jetson_app.py:64]
2026-03-09 16:59:29,742 INFO: local_app_dir=/Users/harikeshbyrandurgagopinath/Desktop/ICICLE_projects/edge-inference-sandbox/ct-controller/ctcontroller/jetson_app [in /Users/harikeshbyrandurgagopinath/Desktop/ICICLE_projects/edge-inference-sandbox/ct-controller/ctcontroller/custom_jetson_app.py:65]
2026-03-09 16:59:29,742 INFO: container_name=custom-jetson-app [in /Users/harikeshbyrandurgagopinath/Desktop/ICICLE_projects/edge-inference-sandbox/ct-controller/ctcontroller/custom_jetson_app.py:66]
2026-03-09 16:59:29,742 INFO: image_name=custom-jetson-app:dev [in /Users/harikeshbyrandurgagopinath/Desktop/ICICLE_projects/edge-inference-sandbox/ct-controller/ctcontroller/custom_jetson_app.py:67]
2026-03-09 16:59:29,742 INFO: Staging app from /Users/harikeshbyrandurgagopinath/Desktop/ICICLE_projects/edge-inference-sandbox/ct-controller/ctcontroller/jetson_app to /home/nono/custom_jetson_run [in /Users/harikeshbyrandurgagopinath/Desktop/ICICLE_projects/edge-inference-sandbox/ct-controller/ctcontroller/custom_jetson_app.py:27]
2026-03-09 16:59:29,791 INFO: Copying from /Users/harikeshbyrandurgagopinath/Desktop/ICICLE_projects/edge-inference-sandbox/ct-controller/ctcontroller/jetson_app on local system to /home/nono/custom_jetson_run on remote [in /Users/harikeshbyrandurgagopinath/Desktop/ICICLE_projects/edge-inference-sandbox/ct-controller/ctcontroller/remote.py:228]
2026-03-09 16:59:29,851 INFO: Staged app root = /home/nono/custom_jetson_run/jetson_app [in /Users/harikeshbyrandurgagopinath/Desktop/ICICLE_projects/edge-inference-sandbox/ct-controller/ctcontroller/custom_jetson_app.py:42]
2026-03-09 16:59:29,852 INFO: Running "find /home/nono/custom_jetson_run/jetson_app -maxdepth 3 -type f | sort > /home/nono/custom_jetson_run/staged_files.txt" on remote server "192.168.1.178" [in /Users/harikeshbyrandurgagopinath/Desktop/ICICLE_projects/edge-inference-sandbox/ct-controller/ctcontroller/remote.py:134]
2026-03-09 16:59:29,931 INFO: Executing staged app: /home/nono/custom_jetson_run/jetson_app/app/main.py [in /Users/harikeshbyrandurgagopinath/Desktop/ICICLE_projects/edge-inference-sandbox/ct-controller/ctcontroller/custom_jetson_app.py:51]
2026-03-09 16:59:29,931 INFO: Running "cd /home/nono/custom_jetson_run/jetson_app && python app/main.py" on remote server "192.168.1.178".
Logging stdout=>/Users/harikeshbyrandurgagopinath/Desktop/ICICLE_projects/edge-inference-sandbox/ct-controller/output/custom_app_out.log and stderr=>/Users/harikeshbyrandurgagopinath/Desktop/ICICLE_projects/edge-inference-sandbox/ct-controller/output/custom_app_err.log [in /Users/harikeshbyrandurgagopinath/Desktop/ICICLE_projects/edge-inference-sandbox/ct-controller/ctcontroller/remote.py:162]
2026-03-09 16:59:29,983 INFO: CustomJetsonAppManager.shutdown_job() called [in /Users/harikeshbyrandurgagopinath/Desktop/ICICLE_projects/edge-inference-sandbox/ct-controller/ctcontroller/custom_jetson_app.py:75]
2026-03-09 16:59:29,983 INFO: setting status to Status.SHUTDOWN [in /Users/harikeshbyrandurgagopinath/Desktop/ICICLE_projects/edge-inference-sandbox/ct-controller/ctcontroller/provisioner.py:108]
2026-03-10 16:19:08,914 INFO: setting site to jetson [in /Users/harikeshbyrandurgagopinath/Desktop/ICICLE_projects/edge-inference-sandbox/ct-controller/ctcontroller/provisioner.py:108]
2026-03-10 16:19:08,914 INFO: setting user to harikeshbyrandurgagopinath [in /Users/harikeshbyrandurgagopinath/Desktop/ICICLE_projects/edge-inference-sandbox/ct-controller/ctcontroller/provisioner.py:108]
2026-03-10 16:19:08,915 INFO: setting site_config to {'Name': 'jetson_key', 'Path': '/Users/harikeshbyrandurgagopinath/.ssh/jetson_key'} [in /Users/harikeshbyrandurgagopinath/Desktop/ICICLE_projects/edge-inference-sandbox/ct-controller/ctcontroller/provisioner.py:108]
2026-03-10 16:19:08,916 INFO: Using service account [in /Users/harikeshbyrandurgagopinath/Desktop/ICICLE_projects/edge-inference-sandbox/ct-controller/ctcontroller/provisioner.py:102]
2026-03-10 16:19:08,916 INFO: setting key_name to jetson_key [in /Users/harikeshbyrandurgagopinath/Desktop/ICICLE_projects/edge-inference-sandbox/ct-controller/ctcontroller/provisioner.py:108]
2026-03-10 16:19:08,916 INFO: setting private_key to /Users/harikeshbyrandurgagopinath/.ssh/jetson_key [in /Users/harikeshbyrandurgagopinath/Desktop/ICICLE_projects/edge-inference-sandbox/ct-controller/ctcontroller/provisioner.py:108]
2026-03-10 16:19:08,916 INFO: setting use_service_acct to True [in /Users/harikeshbyrandurgagopinath/Desktop/ICICLE_projects/edge-inference-sandbox/ct-controller/ctcontroller/provisioner.py:108]
2026-03-10 16:19:08,916 INFO: setting ssh_key to {'name': 'jetson_key', 'path': '/Users/harikeshbyrandurgagopinath/.ssh/jetson_key'} [in /Users/harikeshbyrandurgagopinath/Desktop/ICICLE_projects/edge-inference-sandbox/ct-controller/ctcontroller/provisioner.py:108]
2026-03-10 16:19:08,916 INFO: setting num_nodes to 1 [in /Users/harikeshbyrandurgagopinath/Desktop/ICICLE_projects/edge-inference-sandbox/ct-controller/ctcontroller/provisioner.py:108]
2026-03-10 16:19:08,916 INFO: setting node_type to Jetson [in /Users/harikeshbyrandurgagopinath/Desktop/ICICLE_projects/edge-inference-sandbox/ct-controller/ctcontroller/provisioner.py:108]
2026-03-10 16:19:08,916 INFO: setting gpu to True [in /Users/harikeshbyrandurgagopinath/Desktop/ICICLE_projects/edge-inference-sandbox/ct-controller/ctcontroller/provisioner.py:108]
2026-03-10 16:19:08,916 INFO: setting runner to None [in /Users/harikeshbyrandurgagopinath/Desktop/ICICLE_projects/edge-inference-sandbox/ct-controller/ctcontroller/provisioner.py:108]
2026-03-10 16:19:08,916 INFO: setting ip_addresses to None [in /Users/harikeshbyrandurgagopinath/Desktop/ICICLE_projects/edge-inference-sandbox/ct-controller/ctcontroller/provisioner.py:108]
2026-03-10 16:19:08,916 INFO: setting device_id to None [in /Users/harikeshbyrandurgagopinath/Desktop/ICICLE_projects/edge-inference-sandbox/ct-controller/ctcontroller/provisioner.py:108]
2026-03-10 16:19:08,916 INFO: setting status to Status.PENDING [in /Users/harikeshbyrandurgagopinath/Desktop/ICICLE_projects/edge-inference-sandbox/ct-controller/ctcontroller/provisioner.py:108]
2026-03-10 16:19:08,916 INFO: setting allow_attaching to False [in /Users/harikeshbyrandurgagopinath/Desktop/ICICLE_projects/edge-inference-sandbox/ct-controller/ctcontroller/provisioner.py:108]
2026-03-10 16:19:08,916 INFO: setting ip_addresses to 192.168.1.178 [in /Users/harikeshbyrandurgagopinath/Desktop/ICICLE_projects/edge-inference-sandbox/ct-controller/ctcontroller/provisioner.py:108]
2026-03-10 16:19:08,916 INFO: setting remote_id to nono [in /Users/harikeshbyrandurgagopinath/Desktop/ICICLE_projects/edge-inference-sandbox/ct-controller/ctcontroller/provisioner.py:108]
2026-03-10 16:19:08,916 INFO: setting allow_attaching to True [in /Users/harikeshbyrandurgagopinath/Desktop/ICICLE_projects/edge-inference-sandbox/ct-controller/ctcontroller/provisioner.py:108]
2026-03-10 16:19:08,916 INFO: setting status to Status.READY [in /Users/harikeshbyrandurgagopinath/Desktop/ICICLE_projects/edge-inference-sandbox/ct-controller/ctcontroller/provisioner.py:108]
2026-03-10 16:19:08,916 INFO: controller.application_config = {'node_type': 'Jetson', 'gpu': True, 'run_dir': '/home/nono/custom_jetson_run', 'app_type': 'custom_jetson_infer', 'local_app_dir': '/Users/harikeshbyrandurgagopinath/Desktop/ICICLE_projects/edge-inference-sandbox/ct-controller/ctcontroller/jetson_app', 'container_name': 'custom-jetson-app', 'image_name': 'custom-jetson-app:dev', 'requesting_user': 'harikeshbyrandurgagopinath', 'job_id': 'KnWCkph'} [in /Users/harikeshbyrandurgagopinath/Desktop/ICICLE_projects/edge-inference-sandbox/ct-controller/ctcontroller/ct_main.py:49]
2026-03-10 16:19:08,916 INFO: controller.provisioner_config = {'num_nodes': '1', 'target_site': 'jetson', 'node_type': 'Jetson', 'gpu': True, 'target_user': 'nono', 'config_path': '/Users/harikeshbyrandurgagopinath/Desktop/ICICLE_projects/edge-inference-sandbox/ct-controller/config.dev.yml', 'jetson_ip': '192.168.1.178', 'requesting_user': 'harikeshbyrandurgagopinath', 'job_id': 'KnWCkph'} [in /Users/harikeshbyrandurgagopinath/Desktop/ICICLE_projects/edge-inference-sandbox/ct-controller/ctcontroller/ct_main.py:50]
2026-03-10 16:19:09,394 INFO: Running "hostname" on remote server "192.168.1.178" [in /Users/harikeshbyrandurgagopinath/Desktop/ICICLE_projects/edge-inference-sandbox/ct-controller/ctcontroller/remote.py:134]
2026-03-10 16:19:09,466 INFO: Running "uname -m" on remote server "192.168.1.178" [in /Users/harikeshbyrandurgagopinath/Desktop/ICICLE_projects/edge-inference-sandbox/ct-controller/ctcontroller/remote.py:134]
2026-03-10 16:19:09,535 INFO: CustomJetsonAppManager.run_job() called [in /Users/harikeshbyrandurgagopinath/Desktop/ICICLE_projects/edge-inference-sandbox/ct-controller/ctcontroller/custom_jetson_app.py:63]
2026-03-10 16:19:09,535 INFO: run_dir=/home/nono/custom_jetson_run [in /Users/harikeshbyrandurgagopinath/Desktop/ICICLE_projects/edge-inference-sandbox/ct-controller/ctcontroller/custom_jetson_app.py:64]
2026-03-10 16:19:09,535 INFO: local_app_dir=/Users/harikeshbyrandurgagopinath/Desktop/ICICLE_projects/edge-inference-sandbox/ct-controller/ctcontroller/jetson_app [in /Users/harikeshbyrandurgagopinath/Desktop/ICICLE_projects/edge-inference-sandbox/ct-controller/ctcontroller/custom_jetson_app.py:65]
2026-03-10 16:19:09,535 INFO: container_name=custom-jetson-app [in /Users/harikeshbyrandurgagopinath/Desktop/ICICLE_projects/edge-inference-sandbox/ct-controller/ctcontroller/custom_jetson_app.py:66]
2026-03-10 16:19:09,535 INFO: image_name=custom-jetson-app:dev [in /Users/harikeshbyrandurgagopinath/Desktop/ICICLE_projects/edge-inference-sandbox/ct-controller/ctcontroller/custom_jetson_app.py:67]
2026-03-10 16:19:09,535 INFO: Staging app from /Users/harikeshbyrandurgagopinath/Desktop/ICICLE_projects/edge-inference-sandbox/ct-controller/ctcontroller/jetson_app to /home/nono/custom_jetson_run [in /Users/harikeshbyrandurgagopinath/Desktop/ICICLE_projects/edge-inference-sandbox/ct-controller/ctcontroller/custom_jetson_app.py:27]
2026-03-10 16:19:09,584 INFO: Copying from /Users/harikeshbyrandurgagopinath/Desktop/ICICLE_projects/edge-inference-sandbox/ct-controller/ctcontroller/jetson_app on local system to /home/nono/custom_jetson_run on remote [in /Users/harikeshbyrandurgagopinath/Desktop/ICICLE_projects/edge-inference-sandbox/ct-controller/ctcontroller/remote.py:228]
2026-03-10 16:19:09,792 INFO: Staged app root = /home/nono/custom_jetson_run/jetson_app [in /Users/harikeshbyrandurgagopinath/Desktop/ICICLE_projects/edge-inference-sandbox/ct-controller/ctcontroller/custom_jetson_app.py:42]
2026-03-10 16:19:09,792 INFO: Running "find /home/nono/custom_jetson_run/jetson_app -maxdepth 3 -type f | sort > /home/nono/custom_jetson_run/staged_files.txt" on remote server "192.168.1.178" [in /Users/harikeshbyrandurgagopinath/Desktop/ICICLE_projects/edge-inference-sandbox/ct-controller/ctcontroller/remote.py:134]
2026-03-10 16:19:09,911 INFO: Executing staged app: /home/nono/custom_jetson_run/jetson_app/app/main.py [in /Users/harikeshbyrandurgagopinath/Desktop/ICICLE_projects/edge-inference-sandbox/ct-controller/ctcontroller/custom_jetson_app.py:51]
2026-03-10 16:19:09,913 INFO: Running "cd /home/nono/custom_jetson_run/jetson_app && python app/main.py" on remote server "192.168.1.178".
Logging stdout=>/Users/harikeshbyrandurgagopinath/Desktop/ICICLE_projects/edge-inference-sandbox/ct-controller/output/custom_app_out.log and stderr=>/Users/harikeshbyrandurgagopinath/Desktop/ICICLE_projects/edge-inference-sandbox/ct-controller/output/custom_app_err.log [in /Users/harikeshbyrandurgagopinath/Desktop/ICICLE_projects/edge-inference-sandbox/ct-controller/ctcontroller/remote.py:162]
2026-03-10 16:19:30,854 INFO: CustomJetsonAppManager.shutdown_job() called [in /Users/harikeshbyrandurgagopinath/Desktop/ICICLE_projects/edge-inference-sandbox/ct-controller/ctcontroller/custom_jetson_app.py:75]
2026-03-10 16:19:30,855 INFO: setting status to Status.SHUTDOWN [in /Users/harikeshbyrandurgagopinath/Desktop/ICICLE_projects/edge-inference-sandbox/ct-controller/ctcontroller/provisioner.py:108]
2026-03-10 16:24:42,976 INFO: setting site to jetson [in /Users/harikeshbyrandurgagopinath/Desktop/ICICLE_projects/edge-inference-sandbox/ct-controller/ctcontroller/provisioner.py:108]
2026-03-10 16:24:42,976 INFO: setting user to harikeshbyrandurgagopinath [in /Users/harikeshbyrandurgagopinath/Desktop/ICICLE_projects/edge-inference-sandbox/ct-controller/ctcontroller/provisioner.py:108]
2026-03-10 16:24:42,977 INFO: setting site_config to {'Name': 'jetson_key', 'Path': '/Users/harikeshbyrandurgagopinath/.ssh/jetson_key'} [in /Users/harikeshbyrandurgagopinath/Desktop/ICICLE_projects/edge-inference-sandbox/ct-controller/ctcontroller/provisioner.py:108]
2026-03-10 16:24:42,977 INFO: Using service account [in /Users/harikeshbyrandurgagopinath/Desktop/ICICLE_projects/edge-inference-sandbox/ct-controller/ctcontroller/provisioner.py:102]
2026-03-10 16:24:42,977 INFO: setting key_name to jetson_key [in /Users/harikeshbyrandurgagopinath/Desktop/ICICLE_projects/edge-inference-sandbox/ct-controller/ctcontroller/provisioner.py:108]
2026-03-10 16:24:42,977 INFO: setting private_key to /Users/harikeshbyrandurgagopinath/.ssh/jetson_key [in /Users/harikeshbyrandurgagopinath/Desktop/ICICLE_projects/edge-inference-sandbox/ct-controller/ctcontroller/provisioner.py:108]
2026-03-10 16:24:42,977 INFO: setting use_service_acct to True [in /Users/harikeshbyrandurgagopinath/Desktop/ICICLE_projects/edge-inference-sandbox/ct-controller/ctcontroller/provisioner.py:108]
2026-03-10 16:24:42,977 INFO: setting ssh_key to {'name': 'jetson_key', 'path': '/Users/harikeshbyrandurgagopinath/.ssh/jetson_key'} [in /Users/harikeshbyrandurgagopinath/Desktop/ICICLE_projects/edge-inference-sandbox/ct-controller/ctcontroller/provisioner.py:108]
2026-03-10 16:24:42,977 INFO: setting num_nodes to 1 [in /Users/harikeshbyrandurgagopinath/Desktop/ICICLE_projects/edge-inference-sandbox/ct-controller/ctcontroller/provisioner.py:108]
2026-03-10 16:24:42,977 INFO: setting node_type to Jetson [in /Users/harikeshbyrandurgagopinath/Desktop/ICICLE_projects/edge-inference-sandbox/ct-controller/ctcontroller/provisioner.py:108]
2026-03-10 16:24:42,977 INFO: setting gpu to True [in /Users/harikeshbyrandurgagopinath/Desktop/ICICLE_projects/edge-inference-sandbox/ct-controller/ctcontroller/provisioner.py:108]
2026-03-10 16:24:42,977 INFO: setting runner to None [in /Users/harikeshbyrandurgagopinath/Desktop/ICICLE_projects/edge-inference-sandbox/ct-controller/ctcontroller/provisioner.py:108]
2026-03-10 16:24:42,977 INFO: setting ip_addresses to None [in /Users/harikeshbyrandurgagopinath/Desktop/ICICLE_projects/edge-inference-sandbox/ct-controller/ctcontroller/provisioner.py:108]
2026-03-10 16:24:42,977 INFO: setting device_id to None [in /Users/harikeshbyrandurgagopinath/Desktop/ICICLE_projects/edge-inference-sandbox/ct-controller/ctcontroller/provisioner.py:108]
2026-03-10 16:24:42,977 INFO: setting status to Status.PENDING [in /Users/harikeshbyrandurgagopinath/Desktop/ICICLE_projects/edge-inference-sandbox/ct-controller/ctcontroller/provisioner.py:108]
2026-03-10 16:24:42,977 INFO: setting allow_attaching to False [in /Users/harikeshbyrandurgagopinath/Desktop/ICICLE_projects/edge-inference-sandbox/ct-controller/ctcontroller/provisioner.py:108]
2026-03-10 16:24:42,977 INFO: setting ip_addresses to 192.168.1.178 [in /Users/harikeshbyrandurgagopinath/Desktop/ICICLE_projects/edge-inference-sandbox/ct-controller/ctcontroller/provisioner.py:108]
2026-03-10 16:24:42,977 INFO: setting remote_id to nono [in /Users/harikeshbyrandurgagopinath/Desktop/ICICLE_projects/edge-inference-sandbox/ct-controller/ctcontroller/provisioner.py:108]
2026-03-10 16:24:42,977 INFO: setting allow_attaching to True [in /Users/harikeshbyrandurgagopinath/Desktop/ICICLE_projects/edge-inference-sandbox/ct-controller/ctcontroller/provisioner.py:108]
2026-03-10 16:24:42,977 INFO: setting status to Status.READY [in /Users/harikeshbyrandurgagopinath/Desktop/ICICLE_projects/edge-inference-sandbox/ct-controller/ctcontroller/provisioner.py:108]
2026-03-10 16:24:42,977 INFO: controller.application_config = {'node_type': 'Jetson', 'gpu': True, 'run_dir': '/home/nono/custom_jetson_run', 'app_type': 'custom_jetson_infer', 'local_app_dir': '/Users/harikeshbyrandurgagopinath/Desktop/ICICLE_projects/edge-inference-sandbox/ct-controller/ctcontroller/jetson_app', 'container_name': 'custom-jetson-app', 'image_name': 'custom-jetson-app:dev', 'requesting_user': 'harikeshbyrandurgagopinath', 'job_id': 'ZHkkFpP'} [in /Users/harikeshbyrandurgagopinath/Desktop/ICICLE_projects/edge-inference-sandbox/ct-controller/ctcontroller/ct_main.py:49]
2026-03-10 16:24:42,977 INFO: controller.provisioner_config = {'num_nodes': '1', 'target_site': 'jetson', 'node_type': 'Jetson', 'gpu': True, 'target_user': 'nono', 'config_path': '/Users/harikeshbyrandurgagopinath/Desktop/ICICLE_projects/edge-inference-sandbox/ct-controller/config.dev.yml', 'jetson_ip': '192.168.1.178', 'requesting_user': 'harikeshbyrandurgagopinath', 'job_id': 'ZHkkFpP'} [in /Users/harikeshbyrandurgagopinath/Desktop/ICICLE_projects/edge-inference-sandbox/ct-controller/ctcontroller/ct_main.py:50]
2026-03-10 16:24:43,289 INFO: Running "hostname" on remote server "192.168.1.178" [in /Users/harikeshbyrandurgagopinath/Desktop/ICICLE_projects/edge-inference-sandbox/ct-controller/ctcontroller/remote.py:134]
2026-03-10 16:24:43,351 INFO: Running "uname -m" on remote server "192.168.1.178" [in /Users/harikeshbyrandurgagopinath/Desktop/ICICLE_projects/edge-inference-sandbox/ct-controller/ctcontroller/remote.py:134]
2026-03-10 16:24:43,420 INFO: CustomJetsonAppManager.run_job() called [in /Users/harikeshbyrandurgagopinath/Desktop/ICICLE_projects/edge-inference-sandbox/ct-controller/ctcontroller/custom_jetson_app.py:63]
2026-03-10 16:24:43,421 INFO: run_dir=/home/nono/custom_jetson_run [in /Users/harikeshbyrandurgagopinath/Desktop/ICICLE_projects/edge-inference-sandbox/ct-controller/ctcontroller/custom_jetson_app.py:64]
2026-03-10 16:24:43,421 INFO: local_app_dir=/Users/harikeshbyrandurgagopinath/Desktop/ICICLE_projects/edge-inference-sandbox/ct-controller/ctcontroller/jetson_app [in /Users/harikeshbyrandurgagopinath/Desktop/ICICLE_projects/edge-inference-sandbox/ct-controller/ctcontroller/custom_jetson_app.py:65]
2026-03-10 16:24:43,421 INFO: container_name=custom-jetson-app [in /Users/harikeshbyrandurgagopinath/Desktop/ICICLE_projects/edge-inference-sandbox/ct-controller/ctcontroller/custom_jetson_app.py:66]
2026-03-10 16:24:43,421 INFO: image_name=custom-jetson-app:dev [in /Users/harikeshbyrandurgagopinath/Desktop/ICICLE_projects/edge-inference-sandbox/ct-controller/ctcontroller/custom_jetson_app.py:67]
2026-03-10 16:24:43,421 INFO: Staging app from /Users/harikeshbyrandurgagopinath/Desktop/ICICLE_projects/edge-inference-sandbox/ct-controller/ctcontroller/jetson_app to /home/nono/custom_jetson_run [in /Users/harikeshbyrandurgagopinath/Desktop/ICICLE_projects/edge-inference-sandbox/ct-controller/ctcontroller/custom_jetson_app.py:27]
2026-03-10 16:24:43,469 INFO: Copying from /Users/harikeshbyrandurgagopinath/Desktop/ICICLE_projects/edge-inference-sandbox/ct-controller/ctcontroller/jetson_app on local system to /home/nono/custom_jetson_run on remote [in /Users/harikeshbyrandurgagopinath/Desktop/ICICLE_projects/edge-inference-sandbox/ct-controller/ctcontroller/remote.py:228]
2026-03-10 16:24:43,753 INFO: Staged app root = /home/nono/custom_jetson_run/jetson_app [in /Users/harikeshbyrandurgagopinath/Desktop/ICICLE_projects/edge-inference-sandbox/ct-controller/ctcontroller/custom_jetson_app.py:42]
2026-03-10 16:24:43,753 INFO: Running "find /home/nono/custom_jetson_run/jetson_app -maxdepth 3 -type f | sort > /home/nono/custom_jetson_run/staged_files.txt" on remote server "192.168.1.178" [in /Users/harikeshbyrandurgagopinath/Desktop/ICICLE_projects/edge-inference-sandbox/ct-controller/ctcontroller/remote.py:134]
2026-03-10 16:24:43,836 INFO: Executing staged app: /home/nono/custom_jetson_run/jetson_app/app/main.py [in /Users/harikeshbyrandurgagopinath/Desktop/ICICLE_projects/edge-inference-sandbox/ct-controller/ctcontroller/custom_jetson_app.py:51]
2026-03-10 16:24:43,836 INFO: Running "cd /home/nono/custom_jetson_run/jetson_app && python app/main.py" on remote server "192.168.1.178".
Logging stdout=>/Users/harikeshbyrandurgagopinath/Desktop/ICICLE_projects/edge-inference-sandbox/ct-controller/output/custom_app_out.log and stderr=>/Users/harikeshbyrandurgagopinath/Desktop/ICICLE_projects/edge-inference-sandbox/ct-controller/output/custom_app_err.log [in /Users/harikeshbyrandurgagopinath/Desktop/ICICLE_projects/edge-inference-sandbox/ct-controller/ctcontroller/remote.py:162]
2026-03-10 16:24:54,677 INFO: CustomJetsonAppManager.shutdown_job() called [in /Users/harikeshbyrandurgagopinath/Desktop/ICICLE_projects/edge-inference-sandbox/ct-controller/ctcontroller/custom_jetson_app.py:75]
2026-03-10 16:24:54,678 INFO: setting status to Status.SHUTDOWN [in /Users/harikeshbyrandurgagopinath/Desktop/ICICLE_projects/edge-inference-sandbox/ct-controller/ctcontroller/provisioner.py:108]
2026-03-10 16:30:43,976 INFO: setting site to jetson [in /Users/harikeshbyrandurgagopinath/Desktop/ICICLE_projects/edge-inference-sandbox/ct-controller/ctcontroller/provisioner.py:108]
2026-03-10 16:30:43,976 INFO: setting user to harikeshbyrandurgagopinath [in /Users/harikeshbyrandurgagopinath/Desktop/ICICLE_projects/edge-inference-sandbox/ct-controller/ctcontroller/provisioner.py:108]
2026-03-10 16:30:43,977 INFO: setting site_config to {'Name': 'jetson_key', 'Path': '/Users/harikeshbyrandurgagopinath/.ssh/jetson_key'} [in /Users/harikeshbyrandurgagopinath/Desktop/ICICLE_projects/edge-inference-sandbox/ct-controller/ctcontroller/provisioner.py:108]
2026-03-10 16:30:43,978 INFO: Using service account [in /Users/harikeshbyrandurgagopinath/Desktop/ICICLE_projects/edge-inference-sandbox/ct-controller/ctcontroller/provisioner.py:102]
2026-03-10 16:30:43,978 INFO: setting key_name to jetson_key [in /Users/harikeshbyrandurgagopinath/Desktop/ICICLE_projects/edge-inference-sandbox/ct-controller/ctcontroller/provisioner.py:108]
2026-03-10 16:30:43,978 INFO: setting private_key to /Users/harikeshbyrandurgagopinath/.ssh/jetson_key [in /Users/harikeshbyrandurgagopinath/Desktop/ICICLE_projects/edge-inference-sandbox/ct-controller/ctcontroller/provisioner.py:108]
2026-03-10 16:30:43,978 INFO: setting use_service_acct to True [in /Users/harikeshbyrandurgagopinath/Desktop/ICICLE_projects/edge-inference-sandbox/ct-controller/ctcontroller/provisioner.py:108]
2026-03-10 16:30:43,978 INFO: setting ssh_key to {'name': 'jetson_key', 'path': '/Users/harikeshbyrandurgagopinath/.ssh/jetson_key'} [in /Users/harikeshbyrandurgagopinath/Desktop/ICICLE_projects/edge-inference-sandbox/ct-controller/ctcontroller/provisioner.py:108]
2026-03-10 16:30:43,978 INFO: setting num_nodes to 1 [in /Users/harikeshbyrandurgagopinath/Desktop/ICICLE_projects/edge-inference-sandbox/ct-controller/ctcontroller/provisioner.py:108]
2026-03-10 16:30:43,978 INFO: setting node_type to Jetson [in /Users/harikeshbyrandurgagopinath/Desktop/ICICLE_projects/edge-inference-sandbox/ct-controller/ctcontroller/provisioner.py:108]
2026-03-10 16:30:43,978 INFO: setting gpu to True [in /Users/harikeshbyrandurgagopinath/Desktop/ICICLE_projects/edge-inference-sandbox/ct-controller/ctcontroller/provisioner.py:108]
2026-03-10 16:30:43,978 INFO: setting runner to None [in /Users/harikeshbyrandurgagopinath/Desktop/ICICLE_projects/edge-inference-sandbox/ct-controller/ctcontroller/provisioner.py:108]
2026-03-10 16:30:43,978 INFO: setting ip_addresses to None [in /Users/harikeshbyrandurgagopinath/Desktop/ICICLE_projects/edge-inference-sandbox/ct-controller/ctcontroller/provisioner.py:108]
2026-03-10 16:30:43,978 INFO: setting device_id to None [in /Users/harikeshbyrandurgagopinath/Desktop/ICICLE_projects/edge-inference-sandbox/ct-controller/ctcontroller/provisioner.py:108]
2026-03-10 16:30:43,978 INFO: setting status to Status.PENDING [in /Users/harikeshbyrandurgagopinath/Desktop/ICICLE_projects/edge-inference-sandbox/ct-controller/ctcontroller/provisioner.py:108]
2026-03-10 16:30:43,978 INFO: setting allow_attaching to False [in /Users/harikeshbyrandurgagopinath/Desktop/ICICLE_projects/edge-inference-sandbox/ct-controller/ctcontroller/provisioner.py:108]
2026-03-10 16:30:43,978 INFO: setting ip_addresses to 192.168.1.178 [in /Users/harikeshbyrandurgagopinath/Desktop/ICICLE_projects/edge-inference-sandbox/ct-controller/ctcontroller/provisioner.py:108]
2026-03-10 16:30:43,978 INFO: setting remote_id to nono [in /Users/harikeshbyrandurgagopinath/Desktop/ICICLE_projects/edge-inference-sandbox/ct-controller/ctcontroller/provisioner.py:108]
2026-03-10 16:30:43,978 INFO: setting allow_attaching to True [in /Users/harikeshbyrandurgagopinath/Desktop/ICICLE_projects/edge-inference-sandbox/ct-controller/ctcontroller/provisioner.py:108]
2026-03-10 16:30:43,978 INFO: setting status to Status.READY [in /Users/harikeshbyrandurgagopinath/Desktop/ICICLE_projects/edge-inference-sandbox/ct-controller/ctcontroller/provisioner.py:108]
2026-03-10 16:30:43,978 INFO: controller.application_config = {'node_type': 'Jetson', 'gpu': True, 'run_dir': '/home/nono/custom_jetson_run', 'app_type': 'custom_jetson_infer', 'local_app_dir': '/Users/harikeshbyrandurgagopinath/Desktop/ICICLE_projects/edge-inference-sandbox/ct-controller/ctcontroller/jetson_app', 'container_name': 'custom-jetson-app', 'image_name': 'custom-jetson-app:dev', 'requesting_user': 'harikeshbyrandurgagopinath', 'job_id': 'ZXLrfJU'} [in /Users/harikeshbyrandurgagopinath/Desktop/ICICLE_projects/edge-inference-sandbox/ct-controller/ctcontroller/ct_main.py:49]
2026-03-10 16:30:43,978 INFO: controller.provisioner_config = {'num_nodes': '1', 'target_site': 'jetson', 'node_type': 'Jetson', 'gpu': True, 'target_user': 'nono', 'config_path': '/Users/harikeshbyrandurgagopinath/Desktop/ICICLE_projects/edge-inference-sandbox/ct-controller/config.dev.yml', 'jetson_ip': '192.168.1.178', 'requesting_user': 'harikeshbyrandurgagopinath', 'job_id': 'ZXLrfJU'} [in /Users/harikeshbyrandurgagopinath/Desktop/ICICLE_projects/edge-inference-sandbox/ct-controller/ctcontroller/ct_main.py:50]
2026-03-10 16:30:44,509 INFO: Running "hostname" on remote server "192.168.1.178" [in /Users/harikeshbyrandurgagopinath/Desktop/ICICLE_projects/edge-inference-sandbox/ct-controller/ctcontroller/remote.py:134]
2026-03-10 16:30:44,593 INFO: Running "uname -m" on remote server "192.168.1.178" [in /Users/harikeshbyrandurgagopinath/Desktop/ICICLE_projects/edge-inference-sandbox/ct-controller/ctcontroller/remote.py:134]
2026-03-10 16:30:44,667 INFO: CustomJetsonAppManager.run_job() called [in /Users/harikeshbyrandurgagopinath/Desktop/ICICLE_projects/edge-inference-sandbox/ct-controller/ctcontroller/custom_jetson_app.py:63]
2026-03-10 16:30:44,667 INFO: run_dir=/home/nono/custom_jetson_run [in /Users/harikeshbyrandurgagopinath/Desktop/ICICLE_projects/edge-inference-sandbox/ct-controller/ctcontroller/custom_jetson_app.py:64]
2026-03-10 16:30:44,667 INFO: local_app_dir=/Users/harikeshbyrandurgagopinath/Desktop/ICICLE_projects/edge-inference-sandbox/ct-controller/ctcontroller/jetson_app [in /Users/harikeshbyrandurgagopinath/Desktop/ICICLE_projects/edge-inference-sandbox/ct-controller/ctcontroller/custom_jetson_app.py:65]
2026-03-10 16:30:44,667 INFO: container_name=custom-jetson-app [in /Users/harikeshbyrandurgagopinath/Desktop/ICICLE_projects/edge-inference-sandbox/ct-controller/ctcontroller/custom_jetson_app.py:66]
2026-03-10 16:30:44,667 INFO: image_name=custom-jetson-app:dev [in /Users/harikeshbyrandurgagopinath/Desktop/ICICLE_projects/edge-inference-sandbox/ct-controller/ctcontroller/custom_jetson_app.py:67]
2026-03-10 16:30:44,667 INFO: Staging app from /Users/harikeshbyrandurgagopinath/Desktop/ICICLE_projects/edge-inference-sandbox/ct-controller/ctcontroller/jetson_app to /home/nono/custom_jetson_run [in /Users/harikeshbyrandurgagopinath/Desktop/ICICLE_projects/edge-inference-sandbox/ct-controller/ctcontroller/custom_jetson_app.py:27]
2026-03-10 16:30:44,719 INFO: Copying from /Users/harikeshbyrandurgagopinath/Desktop/ICICLE_projects/edge-inference-sandbox/ct-controller/ctcontroller/jetson_app on local system to /home/nono/custom_jetson_run on remote [in /Users/harikeshbyrandurgagopinath/Desktop/ICICLE_projects/edge-inference-sandbox/ct-controller/ctcontroller/remote.py:228]
2026-03-10 16:30:44,925 INFO: Staged app root = /home/nono/custom_jetson_run/jetson_app [in /Users/harikeshbyrandurgagopinath/Desktop/ICICLE_projects/edge-inference-sandbox/ct-controller/ctcontroller/custom_jetson_app.py:42]
2026-03-10 16:30:44,925 INFO: Running "find /home/nono/custom_jetson_run/jetson_app -maxdepth 3 -type f | sort > /home/nono/custom_jetson_run/staged_files.txt" on remote server "192.168.1.178" [in /Users/harikeshbyrandurgagopinath/Desktop/ICICLE_projects/edge-inference-sandbox/ct-controller/ctcontroller/remote.py:134]
2026-03-10 16:30:45,159 INFO: Executing staged app: /home/nono/custom_jetson_run/jetson_app/app/main.py [in /Users/harikeshbyrandurgagopinath/Desktop/ICICLE_projects/edge-inference-sandbox/ct-controller/ctcontroller/custom_jetson_app.py:51]
2026-03-10 16:30:45,159 INFO: Running "cd /home/nono/custom_jetson_run/jetson_app && python app/main.py" on remote server "192.168.1.178".
Logging stdout=>/Users/harikeshbyrandurgagopinath/Desktop/ICICLE_projects/edge-inference-sandbox/ct-controller/output/custom_app_out.log and stderr=>/Users/harikeshbyrandurgagopinath/Desktop/ICICLE_projects/edge-inference-sandbox/ct-controller/output/custom_app_err.log [in /Users/harikeshbyrandurgagopinath/Desktop/ICICLE_projects/edge-inference-sandbox/ct-controller/ctcontroller/remote.py:162]
2026-03-10 16:31:08,915 INFO: CustomJetsonAppManager.shutdown_job() called [in /Users/harikeshbyrandurgagopinath/Desktop/ICICLE_projects/edge-inference-sandbox/ct-controller/ctcontroller/custom_jetson_app.py:75]
2026-03-10 16:31:08,915 INFO: setting status to Status.SHUTDOWN [in /Users/harikeshbyrandurgagopinath/Desktop/ICICLE_projects/edge-inference-sandbox/ct-controller/ctcontroller/provisioner.py:108]
2026-03-10 16:41:14,956 INFO: setting site to jetson [in /Users/harikeshbyrandurgagopinath/Desktop/ICICLE_projects/edge-inference-sandbox/ct-controller/ctcontroller/provisioner.py:108]
2026-03-10 16:41:14,956 INFO: setting user to harikeshbyrandurgagopinath [in /Users/harikeshbyrandurgagopinath/Desktop/ICICLE_projects/edge-inference-sandbox/ct-controller/ctcontroller/provisioner.py:108]
2026-03-10 16:41:14,957 INFO: setting site_config to {'Name': 'jetson_key', 'Path': '/Users/harikeshbyrandurgagopinath/.ssh/jetson_key'} [in /Users/harikeshbyrandurgagopinath/Desktop/ICICLE_projects/edge-inference-sandbox/ct-controller/ctcontroller/provisioner.py:108]
2026-03-10 16:41:14,957 INFO: Using service account [in /Users/harikeshbyrandurgagopinath/Desktop/ICICLE_projects/edge-inference-sandbox/ct-controller/ctcontroller/provisioner.py:102]
2026-03-10 16:41:14,957 INFO: setting key_name to jetson_key [in /Users/harikeshbyrandurgagopinath/Desktop/ICICLE_projects/edge-inference-sandbox/ct-controller/ctcontroller/provisioner.py:108]
2026-03-10 16:41:14,957 INFO: setting private_key to /Users/harikeshbyrandurgagopinath/.ssh/jetson_key [in /Users/harikeshbyrandurgagopinath/Desktop/ICICLE_projects/edge-inference-sandbox/ct-controller/ctcontroller/provisioner.py:108]
2026-03-10 16:41:14,958 INFO: setting use_service_acct to True [in /Users/harikeshbyrandurgagopinath/Desktop/ICICLE_projects/edge-inference-sandbox/ct-controller/ctcontroller/provisioner.py:108]
2026-03-10 16:41:14,958 INFO: setting ssh_key to {'name': 'jetson_key', 'path': '/Users/harikeshbyrandurgagopinath/.ssh/jetson_key'} [in /Users/harikeshbyrandurgagopinath/Desktop/ICICLE_projects/edge-inference-sandbox/ct-controller/ctcontroller/provisioner.py:108]
2026-03-10 16:41:14,958 INFO: setting num_nodes to 1 [in /Users/harikeshbyrandurgagopinath/Desktop/ICICLE_projects/edge-inference-sandbox/ct-controller/ctcontroller/provisioner.py:108]
2026-03-10 16:41:14,958 INFO: setting node_type to Jetson [in /Users/harikeshbyrandurgagopinath/Desktop/ICICLE_projects/edge-inference-sandbox/ct-controller/ctcontroller/provisioner.py:108]
2026-03-10 16:41:14,958 INFO: setting gpu to True [in /Users/harikeshbyrandurgagopinath/Desktop/ICICLE_projects/edge-inference-sandbox/ct-controller/ctcontroller/provisioner.py:108]
2026-03-10 16:41:14,958 INFO: setting runner to None [in /Users/harikeshbyrandurgagopinath/Desktop/ICICLE_projects/edge-inference-sandbox/ct-controller/ctcontroller/provisioner.py:108]
2026-03-10 16:41:14,958 INFO: setting ip_addresses to None [in /Users/harikeshbyrandurgagopinath/Desktop/ICICLE_projects/edge-inference-sandbox/ct-controller/ctcontroller/provisioner.py:108]
2026-03-10 16:41:14,958 INFO: setting device_id to None [in /Users/harikeshbyrandurgagopinath/Desktop/ICICLE_projects/edge-inference-sandbox/ct-controller/ctcontroller/provisioner.py:108]
2026-03-10 16:41:14,958 INFO: setting status to Status.PENDING [in /Users/harikeshbyrandurgagopinath/Desktop/ICICLE_projects/edge-inference-sandbox/ct-controller/ctcontroller/provisioner.py:108]
2026-03-10 16:41:14,958 INFO: setting allow_attaching to False [in /Users/harikeshbyrandurgagopinath/Desktop/ICICLE_projects/edge-inference-sandbox/ct-controller/ctcontroller/provisioner.py:108]
2026-03-10 16:41:14,958 INFO: setting ip_addresses to 192.168.1.178 [in /Users/harikeshbyrandurgagopinath/Desktop/ICICLE_projects/edge-inference-sandbox/ct-controller/ctcontroller/provisioner.py:108]
2026-03-10 16:41:14,958 INFO: setting remote_id to nono [in /Users/harikeshbyrandurgagopinath/Desktop/ICICLE_projects/edge-inference-sandbox/ct-controller/ctcontroller/provisioner.py:108]
2026-03-10 16:41:14,958 INFO: setting allow_attaching to True [in /Users/harikeshbyrandurgagopinath/Desktop/ICICLE_projects/edge-inference-sandbox/ct-controller/ctcontroller/provisioner.py:108]
2026-03-10 16:41:14,958 INFO: setting status to Status.READY [in /Users/harikeshbyrandurgagopinath/Desktop/ICICLE_projects/edge-inference-sandbox/ct-controller/ctcontroller/provisioner.py:108]
2026-03-10 16:41:14,958 INFO: controller.application_config = {'node_type': 'Jetson', 'gpu': True, 'run_dir': '/home/nono/custom_jetson_run', 'app_type': 'custom_jetson_infer', 'local_app_dir': '/Users/harikeshbyrandurgagopinath/Desktop/ICICLE_projects/edge-inference-sandbox/ct-controller/ctcontroller/jetson_app', 'container_name': 'custom-jetson-app', 'image_name': 'custom-jetson-app:dev', 'requesting_user': 'harikeshbyrandurgagopinath', 'job_id': 'LRmlVMU'} [in /Users/harikeshbyrandurgagopinath/Desktop/ICICLE_projects/edge-inference-sandbox/ct-controller/ctcontroller/ct_main.py:49]
2026-03-10 16:41:14,958 INFO: controller.provisioner_config = {'num_nodes': '1', 'target_site': 'jetson', 'node_type': 'Jetson', 'gpu': True, 'target_user': 'nono', 'config_path': '/Users/harikeshbyrandurgagopinath/Desktop/ICICLE_projects/edge-inference-sandbox/ct-controller/config.dev.yml', 'jetson_ip': '192.168.1.178', 'requesting_user': 'harikeshbyrandurgagopinath', 'job_id': 'LRmlVMU'} [in /Users/harikeshbyrandurgagopinath/Desktop/ICICLE_projects/edge-inference-sandbox/ct-controller/ctcontroller/ct_main.py:50]
2026-03-10 16:41:15,270 INFO: Running "hostname" on remote server "192.168.1.178" [in /Users/harikeshbyrandurgagopinath/Desktop/ICICLE_projects/edge-inference-sandbox/ct-controller/ctcontroller/remote.py:134]
2026-03-10 16:41:15,332 INFO: Running "uname -m" on remote server "192.168.1.178" [in /Users/harikeshbyrandurgagopinath/Desktop/ICICLE_projects/edge-inference-sandbox/ct-controller/ctcontroller/remote.py:134]
2026-03-10 16:41:15,403 INFO: CustomJetsonAppManager.run_job() called [in /Users/harikeshbyrandurgagopinath/Desktop/ICICLE_projects/edge-inference-sandbox/ct-controller/ctcontroller/custom_jetson_app.py:63]
2026-03-10 16:41:15,403 INFO: run_dir=/home/nono/custom_jetson_run [in /Users/harikeshbyrandurgagopinath/Desktop/ICICLE_projects/edge-inference-sandbox/ct-controller/ctcontroller/custom_jetson_app.py:64]
2026-03-10 16:41:15,403 INFO: local_app_dir=/Users/harikeshbyrandurgagopinath/Desktop/ICICLE_projects/edge-inference-sandbox/ct-controller/ctcontroller/jetson_app [in /Users/harikeshbyrandurgagopinath/Desktop/ICICLE_projects/edge-inference-sandbox/ct-controller/ctcontroller/custom_jetson_app.py:65]
2026-03-10 16:41:15,403 INFO: container_name=custom-jetson-app [in /Users/harikeshbyrandurgagopinath/Desktop/ICICLE_projects/edge-inference-sandbox/ct-controller/ctcontroller/custom_jetson_app.py:66]
2026-03-10 16:41:15,404 INFO: image_name=custom-jetson-app:dev [in /Users/harikeshbyrandurgagopinath/Desktop/ICICLE_projects/edge-inference-sandbox/ct-controller/ctcontroller/custom_jetson_app.py:67]
2026-03-10 16:41:15,404 INFO: Staging app from /Users/harikeshbyrandurgagopinath/Desktop/ICICLE_projects/edge-inference-sandbox/ct-controller/ctcontroller/jetson_app to /home/nono/custom_jetson_run [in /Users/harikeshbyrandurgagopinath/Desktop/ICICLE_projects/edge-inference-sandbox/ct-controller/ctcontroller/custom_jetson_app.py:27]
2026-03-10 16:41:15,452 INFO: Copying from /Users/harikeshbyrandurgagopinath/Desktop/ICICLE_projects/edge-inference-sandbox/ct-controller/ctcontroller/jetson_app on local system to /home/nono/custom_jetson_run on remote [in /Users/harikeshbyrandurgagopinath/Desktop/ICICLE_projects/edge-inference-sandbox/ct-controller/ctcontroller/remote.py:228]
2026-03-10 16:41:15,692 INFO: Staged app root = /home/nono/custom_jetson_run/jetson_app [in /Users/harikeshbyrandurgagopinath/Desktop/ICICLE_projects/edge-inference-sandbox/ct-controller/ctcontroller/custom_jetson_app.py:42]
2026-03-10 16:41:15,692 INFO: Running "find /home/nono/custom_jetson_run/jetson_app -maxdepth 3 -type f | sort > /home/nono/custom_jetson_run/staged_files.txt" on remote server "192.168.1.178" [in /Users/harikeshbyrandurgagopinath/Desktop/ICICLE_projects/edge-inference-sandbox/ct-controller/ctcontroller/remote.py:134]
2026-03-10 16:41:15,764 INFO: Executing staged app: /home/nono/custom_jetson_run/jetson_app/app/main.py [in /Users/harikeshbyrandurgagopinath/Desktop/ICICLE_projects/edge-inference-sandbox/ct-controller/ctcontroller/custom_jetson_app.py:51]
2026-03-10 16:41:15,764 INFO: Running "cd /home/nono/custom_jetson_run/jetson_app && python app/main.py" on remote server "192.168.1.178".
Logging stdout=>/Users/harikeshbyrandurgagopinath/Desktop/ICICLE_projects/edge-inference-sandbox/ct-controller/output/custom_app_out.log and stderr=>/Users/harikeshbyrandurgagopinath/Desktop/ICICLE_projects/edge-inference-sandbox/ct-controller/output/custom_app_err.log [in /Users/harikeshbyrandurgagopinath/Desktop/ICICLE_projects/edge-inference-sandbox/ct-controller/ctcontroller/remote.py:162]
2026-03-10 16:41:22,103 INFO: CustomJetsonAppManager.shutdown_job() called [in /Users/harikeshbyrandurgagopinath/Desktop/ICICLE_projects/edge-inference-sandbox/ct-controller/ctcontroller/custom_jetson_app.py:75]
2026-03-10 16:41:22,103 INFO: setting status to Status.SHUTDOWN [in /Users/harikeshbyrandurgagopinath/Desktop/ICICLE_projects/edge-inference-sandbox/ct-controller/ctcontroller/provisioner.py:108]
2026-03-10 16:49:01,353 INFO: setting site to jetson [in /Users/harikeshbyrandurgagopinath/Desktop/ICICLE_projects/edge-inference-sandbox/ct-controller/ctcontroller/provisioner.py:108]
2026-03-10 16:49:01,353 INFO: setting user to harikeshbyrandurgagopinath [in /Users/harikeshbyrandurgagopinath/Desktop/ICICLE_projects/edge-inference-sandbox/ct-controller/ctcontroller/provisioner.py:108]
2026-03-10 16:49:01,354 INFO: setting site_config to {'Name': 'jetson_key', 'Path': '/Users/harikeshbyrandurgagopinath/.ssh/jetson_key'} [in /Users/harikeshbyrandurgagopinath/Desktop/ICICLE_projects/edge-inference-sandbox/ct-controller/ctcontroller/provisioner.py:108]
2026-03-10 16:49:01,355 INFO: Using service account [in /Users/harikeshbyrandurgagopinath/Desktop/ICICLE_projects/edge-inference-sandbox/ct-controller/ctcontroller/provisioner.py:102]
2026-03-10 16:49:01,355 INFO: setting key_name to jetson_key [in /Users/harikeshbyrandurgagopinath/Desktop/ICICLE_projects/edge-inference-sandbox/ct-controller/ctcontroller/provisioner.py:108]
2026-03-10 16:49:01,355 INFO: setting private_key to /Users/harikeshbyrandurgagopinath/.ssh/jetson_key [in /Users/harikeshbyrandurgagopinath/Desktop/ICICLE_projects/edge-inference-sandbox/ct-controller/ctcontroller/provisioner.py:108]
2026-03-10 16:49:01,355 INFO: setting use_service_acct to True [in /Users/harikeshbyrandurgagopinath/Desktop/ICICLE_projects/edge-inference-sandbox/ct-controller/ctcontroller/provisioner.py:108]
2026-03-10 16:49:01,355 INFO: setting ssh_key to {'name': 'jetson_key', 'path': '/Users/harikeshbyrandurgagopinath/.ssh/jetson_key'} [in /Users/harikeshbyrandurgagopinath/Desktop/ICICLE_projects/edge-inference-sandbox/ct-controller/ctcontroller/provisioner.py:108]
2026-03-10 16:49:01,355 INFO: setting num_nodes to 1 [in /Users/harikeshbyrandurgagopinath/Desktop/ICICLE_projects/edge-inference-sandbox/ct-controller/ctcontroller/provisioner.py:108]
2026-03-10 16:49:01,355 INFO: setting node_type to Jetson [in /Users/harikeshbyrandurgagopinath/Desktop/ICICLE_projects/edge-inference-sandbox/ct-controller/ctcontroller/provisioner.py:108]
2026-03-10 16:49:01,355 INFO: setting gpu to True [in /Users/harikeshbyrandurgagopinath/Desktop/ICICLE_projects/edge-inference-sandbox/ct-controller/ctcontroller/provisioner.py:108]
2026-03-10 16:49:01,355 INFO: setting runner to None [in /Users/harikeshbyrandurgagopinath/Desktop/ICICLE_projects/edge-inference-sandbox/ct-controller/ctcontroller/provisioner.py:108]
2026-03-10 16:49:01,355 INFO: setting ip_addresses to None [in /Users/harikeshbyrandurgagopinath/Desktop/ICICLE_projects/edge-inference-sandbox/ct-controller/ctcontroller/provisioner.py:108]
2026-03-10 16:49:01,355 INFO: setting device_id to None [in /Users/harikeshbyrandurgagopinath/Desktop/ICICLE_projects/edge-inference-sandbox/ct-controller/ctcontroller/provisioner.py:108]
2026-03-10 16:49:01,355 INFO: setting status to Status.PENDING [in /Users/harikeshbyrandurgagopinath/Desktop/ICICLE_projects/edge-inference-sandbox/ct-controller/ctcontroller/provisioner.py:108]
2026-03-10 16:49:01,355 INFO: setting allow_attaching to False [in /Users/harikeshbyrandurgagopinath/Desktop/ICICLE_projects/edge-inference-sandbox/ct-controller/ctcontroller/provisioner.py:108]
2026-03-10 16:49:01,355 INFO: setting ip_addresses to 192.168.1.178 [in /Users/harikeshbyrandurgagopinath/Desktop/ICICLE_projects/edge-inference-sandbox/ct-controller/ctcontroller/provisioner.py:108]
2026-03-10 16:49:01,355 INFO: setting remote_id to nono [in /Users/harikeshbyrandurgagopinath/Desktop/ICICLE_projects/edge-inference-sandbox/ct-controller/ctcontroller/provisioner.py:108]
2026-03-10 16:49:01,355 INFO: setting allow_attaching to True [in /Users/harikeshbyrandurgagopinath/Desktop/ICICLE_projects/edge-inference-sandbox/ct-controller/ctcontroller/provisioner.py:108]
2026-03-10 16:49:01,355 INFO: setting status to Status.READY [in /Users/harikeshbyrandurgagopinath/Desktop/ICICLE_projects/edge-inference-sandbox/ct-controller/ctcontroller/provisioner.py:108]
2026-03-10 16:49:01,355 INFO: controller.application_config = {'node_type': 'Jetson', 'gpu': True, 'run_dir': '/home/nono/custom_jetson_run', 'app_type': 'custom_jetson_infer', 'local_app_dir': '/Users/harikeshbyrandurgagopinath/Desktop/ICICLE_projects/edge-inference-sandbox/ct-controller/ctcontroller/jetson_app', 'container_name': 'custom-jetson-app', 'image_name': 'custom-jetson-app:dev', 'requesting_user': 'harikeshbyrandurgagopinath', 'job_id': 'vvaDIrs'} [in /Users/harikeshbyrandurgagopinath/Desktop/ICICLE_projects/edge-inference-sandbox/ct-controller/ctcontroller/ct_main.py:49]
2026-03-10 16:49:01,355 INFO: controller.provisioner_config = {'num_nodes': '1', 'target_site': 'jetson', 'node_type': 'Jetson', 'gpu': True, 'target_user': 'nono', 'config_path': '/Users/harikeshbyrandurgagopinath/Desktop/ICICLE_projects/edge-inference-sandbox/ct-controller/config.dev.yml', 'jetson_ip': '192.168.1.178', 'requesting_user': 'harikeshbyrandurgagopinath', 'job_id': 'vvaDIrs'} [in /Users/harikeshbyrandurgagopinath/Desktop/ICICLE_projects/edge-inference-sandbox/ct-controller/ctcontroller/ct_main.py:50]
2026-03-10 16:49:01,683 INFO: Running "hostname" on remote server "192.168.1.178" [in /Users/harikeshbyrandurgagopinath/Desktop/ICICLE_projects/edge-inference-sandbox/ct-controller/ctcontroller/remote.py:134]
2026-03-10 16:49:01,754 INFO: Running "uname -m" on remote server "192.168.1.178" [in /Users/harikeshbyrandurgagopinath/Desktop/ICICLE_projects/edge-inference-sandbox/ct-controller/ctcontroller/remote.py:134]
2026-03-10 16:49:01,816 INFO: CustomJetsonAppManager.run_job() called [in /Users/harikeshbyrandurgagopinath/Desktop/ICICLE_projects/edge-inference-sandbox/ct-controller/ctcontroller/custom_jetson_app.py:63]
2026-03-10 16:49:01,817 INFO: run_dir=/home/nono/custom_jetson_run [in /Users/harikeshbyrandurgagopinath/Desktop/ICICLE_projects/edge-inference-sandbox/ct-controller/ctcontroller/custom_jetson_app.py:64]
2026-03-10 16:49:01,817 INFO: local_app_dir=/Users/harikeshbyrandurgagopinath/Desktop/ICICLE_projects/edge-inference-sandbox/ct-controller/ctcontroller/jetson_app [in /Users/harikeshbyrandurgagopinath/Desktop/ICICLE_projects/edge-inference-sandbox/ct-controller/ctcontroller/custom_jetson_app.py:65]
2026-03-10 16:49:01,817 INFO: container_name=custom-jetson-app [in /Users/harikeshbyrandurgagopinath/Desktop/ICICLE_projects/edge-inference-sandbox/ct-controller/ctcontroller/custom_jetson_app.py:66]
2026-03-10 16:49:01,817 INFO: image_name=custom-jetson-app:dev [in /Users/harikeshbyrandurgagopinath/Desktop/ICICLE_projects/edge-inference-sandbox/ct-controller/ctcontroller/custom_jetson_app.py:67]
2026-03-10 16:49:01,817 INFO: Staging app from /Users/harikeshbyrandurgagopinath/Desktop/ICICLE_projects/edge-inference-sandbox/ct-controller/ctcontroller/jetson_app to /home/nono/custom_jetson_run [in /Users/harikeshbyrandurgagopinath/Desktop/ICICLE_projects/edge-inference-sandbox/ct-controller/ctcontroller/custom_jetson_app.py:27]
2026-03-10 16:49:01,866 INFO: Copying from /Users/harikeshbyrandurgagopinath/Desktop/ICICLE_projects/edge-inference-sandbox/ct-controller/ctcontroller/jetson_app on local system to /home/nono/custom_jetson_run on remote [in /Users/harikeshbyrandurgagopinath/Desktop/ICICLE_projects/edge-inference-sandbox/ct-controller/ctcontroller/remote.py:228]
2026-03-10 16:49:02,050 INFO: Staged app root = /home/nono/custom_jetson_run/jetson_app [in /Users/harikeshbyrandurgagopinath/Desktop/ICICLE_projects/edge-inference-sandbox/ct-controller/ctcontroller/custom_jetson_app.py:42]
2026-03-10 16:49:02,051 INFO: Running "find /home/nono/custom_jetson_run/jetson_app -maxdepth 3 -type f | sort > /home/nono/custom_jetson_run/staged_files.txt" on remote server "192.168.1.178" [in /Users/harikeshbyrandurgagopinath/Desktop/ICICLE_projects/edge-inference-sandbox/ct-controller/ctcontroller/remote.py:134]
2026-03-10 16:49:02,136 INFO: Executing staged app: /home/nono/custom_jetson_run/jetson_app/app/main.py [in /Users/harikeshbyrandurgagopinath/Desktop/ICICLE_projects/edge-inference-sandbox/ct-controller/ctcontroller/custom_jetson_app.py:51]
2026-03-10 16:49:02,136 INFO: Running "cd /home/nono/custom_jetson_run/jetson_app && python app/main.py" on remote server "192.168.1.178".
Logging stdout=>/Users/harikeshbyrandurgagopinath/Desktop/ICICLE_projects/edge-inference-sandbox/ct-controller/output/custom_app_out.log and stderr=>/Users/harikeshbyrandurgagopinath/Desktop/ICICLE_projects/edge-inference-sandbox/ct-controller/output/custom_app_err.log [in /Users/harikeshbyrandurgagopinath/Desktop/ICICLE_projects/edge-inference-sandbox/ct-controller/ctcontroller/remote.py:162]
2026-03-10 16:49:08,343 INFO: CustomJetsonAppManager.shutdown_job() called [in /Users/harikeshbyrandurgagopinath/Desktop/ICICLE_projects/edge-inference-sandbox/ct-controller/ctcontroller/custom_jetson_app.py:75]
2026-03-10 16:49:08,344 INFO: setting status to Status.SHUTDOWN [in /Users/harikeshbyrandurgagopinath/Desktop/ICICLE_projects/edge-inference-sandbox/ct-controller/ctcontroller/provisioner.py:108]
2026-03-10 17:29:51,048 INFO: setting site to jetson [in /Users/harikeshbyrandurgagopinath/Desktop/ICICLE_projects/edge-inference-sandbox/ct-controller/ctcontroller/provisioner.py:108]
2026-03-10 17:29:51,048 INFO: setting user to harikeshbyrandurgagopinath [in /Users/harikeshbyrandurgagopinath/Desktop/ICICLE_projects/edge-inference-sandbox/ct-controller/ctcontroller/provisioner.py:108]
2026-03-10 17:29:51,049 INFO: setting site_config to {'Name': 'jetson_key', 'Path': '/Users/harikeshbyrandurgagopinath/.ssh/jetson_key'} [in /Users/harikeshbyrandurgagopinath/Desktop/ICICLE_projects/edge-inference-sandbox/ct-controller/ctcontroller/provisioner.py:108]
2026-03-10 17:29:51,050 INFO: Using service account [in /Users/harikeshbyrandurgagopinath/Desktop/ICICLE_projects/edge-inference-sandbox/ct-controller/ctcontroller/provisioner.py:102]
2026-03-10 17:29:51,050 INFO: setting key_name to jetson_key [in /Users/harikeshbyrandurgagopinath/Desktop/ICICLE_projects/edge-inference-sandbox/ct-controller/ctcontroller/provisioner.py:108]
2026-03-10 17:29:51,050 INFO: setting private_key to /Users/harikeshbyrandurgagopinath/.ssh/jetson_key [in /Users/harikeshbyrandurgagopinath/Desktop/ICICLE_projects/edge-inference-sandbox/ct-controller/ctcontroller/provisioner.py:108]
2026-03-10 17:29:51,050 INFO: setting use_service_acct to True [in /Users/harikeshbyrandurgagopinath/Desktop/ICICLE_projects/edge-inference-sandbox/ct-controller/ctcontroller/provisioner.py:108]
2026-03-10 17:29:51,050 INFO: setting ssh_key to {'name': 'jetson_key', 'path': '/Users/harikeshbyrandurgagopinath/.ssh/jetson_key'} [in /Users/harikeshbyrandurgagopinath/Desktop/ICICLE_projects/edge-inference-sandbox/ct-controller/ctcontroller/provisioner.py:108]
2026-03-10 17:29:51,050 INFO: setting num_nodes to 1 [in /Users/harikeshbyrandurgagopinath/Desktop/ICICLE_projects/edge-inference-sandbox/ct-controller/ctcontroller/provisioner.py:108]
2026-03-10 17:29:51,050 INFO: setting node_type to Jetson [in /Users/harikeshbyrandurgagopinath/Desktop/ICICLE_projects/edge-inference-sandbox/ct-controller/ctcontroller/provisioner.py:108]
2026-03-10 17:29:51,050 INFO: setting gpu to True [in /Users/harikeshbyrandurgagopinath/Desktop/ICICLE_projects/edge-inference-sandbox/ct-controller/ctcontroller/provisioner.py:108]
2026-03-10 17:29:51,050 INFO: setting runner to None [in /Users/harikeshbyrandurgagopinath/Desktop/ICICLE_projects/edge-inference-sandbox/ct-controller/ctcontroller/provisioner.py:108]
2026-03-10 17:29:51,050 INFO: setting ip_addresses to None [in /Users/harikeshbyrandurgagopinath/Desktop/ICICLE_projects/edge-inference-sandbox/ct-controller/ctcontroller/provisioner.py:108]
2026-03-10 17:29:51,050 INFO: setting device_id to None [in /Users/harikeshbyrandurgagopinath/Desktop/ICICLE_projects/edge-inference-sandbox/ct-controller/ctcontroller/provisioner.py:108]
2026-03-10 17:29:51,050 INFO: setting status to Status.PENDING [in /Users/harikeshbyrandurgagopinath/Desktop/ICICLE_projects/edge-inference-sandbox/ct-controller/ctcontroller/provisioner.py:108]
2026-03-10 17:29:51,050 INFO: setting allow_attaching to False [in /Users/harikeshbyrandurgagopinath/Desktop/ICICLE_projects/edge-inference-sandbox/ct-controller/ctcontroller/provisioner.py:108]
2026-03-10 17:29:51,050 INFO: setting ip_addresses to 192.168.1.178 [in /Users/harikeshbyrandurgagopinath/Desktop/ICICLE_projects/edge-inference-sandbox/ct-controller/ctcontroller/provisioner.py:108]
2026-03-10 17:29:51,050 INFO: setting remote_id to nono [in /Users/harikeshbyrandurgagopinath/Desktop/ICICLE_projects/edge-inference-sandbox/ct-controller/ctcontroller/provisioner.py:108]
2026-03-10 17:29:51,050 INFO: setting allow_attaching to True [in /Users/harikeshbyrandurgagopinath/Desktop/ICICLE_projects/edge-inference-sandbox/ct-controller/ctcontroller/provisioner.py:108]
2026-03-10 17:29:51,050 INFO: setting status to Status.READY [in /Users/harikeshbyrandurgagopinath/Desktop/ICICLE_projects/edge-inference-sandbox/ct-controller/ctcontroller/provisioner.py:108]
2026-03-10 17:29:51,050 INFO: controller.application_config = {'node_type': 'Jetson', 'gpu': True, 'run_dir': '/home/nono/custom_jetson_run', 'app_type': 'custom_jetson_infer', 'local_app_dir': '/Users/harikeshbyrandurgagopinath/Desktop/ICICLE_projects/edge-inference-sandbox/ct-controller/ctcontroller/jetson_app', 'container_name': 'custom-jetson-app', 'image_name': 'custom-jetson-app:dev', 'requesting_user': 'harikeshbyrandurgagopinath', 'job_id': 'kCrwAhS'} [in /Users/harikeshbyrandurgagopinath/Desktop/ICICLE_projects/edge-inference-sandbox/ct-controller/ctcontroller/ct_main.py:49]
2026-03-10 17:29:51,050 INFO: controller.provisioner_config = {'num_nodes': '1', 'target_site': 'jetson', 'node_type': 'Jetson', 'gpu': True, 'target_user': 'nono', 'config_path': '/Users/harikeshbyrandurgagopinath/Desktop/ICICLE_projects/edge-inference-sandbox/ct-controller/config.dev.yml', 'jetson_ip': '192.168.1.178', 'requesting_user': 'harikeshbyrandurgagopinath', 'job_id': 'kCrwAhS'} [in /Users/harikeshbyrandurgagopinath/Desktop/ICICLE_projects/edge-inference-sandbox/ct-controller/ctcontroller/ct_main.py:50]
2026-03-10 17:29:51,356 INFO: Running "hostname" on remote server "192.168.1.178" [in /Users/harikeshbyrandurgagopinath/Desktop/ICICLE_projects/edge-inference-sandbox/ct-controller/ctcontroller/remote.py:134]
2026-03-10 17:29:51,428 INFO: Running "uname -m" on remote server "192.168.1.178" [in /Users/harikeshbyrandurgagopinath/Desktop/ICICLE_projects/edge-inference-sandbox/ct-controller/ctcontroller/remote.py:134]
2026-03-10 17:29:51,497 INFO: CustomJetsonAppManager.run_job() called [in /Users/harikeshbyrandurgagopinath/Desktop/ICICLE_projects/edge-inference-sandbox/ct-controller/ctcontroller/custom_jetson_app.py:63]
2026-03-10 17:29:51,497 INFO: run_dir=/home/nono/custom_jetson_run [in /Users/harikeshbyrandurgagopinath/Desktop/ICICLE_projects/edge-inference-sandbox/ct-controller/ctcontroller/custom_jetson_app.py:64]
2026-03-10 17:29:51,497 INFO: local_app_dir=/Users/harikeshbyrandurgagopinath/Desktop/ICICLE_projects/edge-inference-sandbox/ct-controller/ctcontroller/jetson_app [in /Users/harikeshbyrandurgagopinath/Desktop/ICICLE_projects/edge-inference-sandbox/ct-controller/ctcontroller/custom_jetson_app.py:65]
2026-03-10 17:29:51,497 INFO: container_name=custom-jetson-app [in /Users/harikeshbyrandurgagopinath/Desktop/ICICLE_projects/edge-inference-sandbox/ct-controller/ctcontroller/custom_jetson_app.py:66]
2026-03-10 17:29:51,497 INFO: image_name=custom-jetson-app:dev [in /Users/harikeshbyrandurgagopinath/Desktop/ICICLE_projects/edge-inference-sandbox/ct-controller/ctcontroller/custom_jetson_app.py:67]
2026-03-10 17:29:51,497 INFO: Staging app from /Users/harikeshbyrandurgagopinath/Desktop/ICICLE_projects/edge-inference-sandbox/ct-controller/ctcontroller/jetson_app to /home/nono/custom_jetson_run [in /Users/harikeshbyrandurgagopinath/Desktop/ICICLE_projects/edge-inference-sandbox/ct-controller/ctcontroller/custom_jetson_app.py:27]
2026-03-10 17:29:51,547 INFO: Copying from /Users/harikeshbyrandurgagopinath/Desktop/ICICLE_projects/edge-inference-sandbox/ct-controller/ctcontroller/jetson_app on local system to /home/nono/custom_jetson_run on remote [in /Users/harikeshbyrandurgagopinath/Desktop/ICICLE_projects/edge-inference-sandbox/ct-controller/ctcontroller/remote.py:228]
2026-03-10 17:29:51,806 INFO: Staged app root = /home/nono/custom_jetson_run/jetson_app [in /Users/harikeshbyrandurgagopinath/Desktop/ICICLE_projects/edge-inference-sandbox/ct-controller/ctcontroller/custom_jetson_app.py:42]
2026-03-10 17:29:51,806 INFO: Running "find /home/nono/custom_jetson_run/jetson_app -maxdepth 3 -type f | sort > /home/nono/custom_jetson_run/staged_files.txt" on remote server "192.168.1.178" [in /Users/harikeshbyrandurgagopinath/Desktop/ICICLE_projects/edge-inference-sandbox/ct-controller/ctcontroller/remote.py:134]
2026-03-10 17:29:51,878 INFO: Executing staged app: /home/nono/custom_jetson_run/jetson_app/app/main.py [in /Users/harikeshbyrandurgagopinath/Desktop/ICICLE_projects/edge-inference-sandbox/ct-controller/ctcontroller/custom_jetson_app.py:51]
2026-03-10 17:29:51,878 INFO: Running "cd /home/nono/custom_jetson_run/jetson_app && python app/main.py" on remote server "192.168.1.178".
Logging stdout=>/Users/harikeshbyrandurgagopinath/Desktop/ICICLE_projects/edge-inference-sandbox/ct-controller/output/custom_app_out.log and stderr=>/Users/harikeshbyrandurgagopinath/Desktop/ICICLE_projects/edge-inference-sandbox/ct-controller/output/custom_app_err.log [in /Users/harikeshbyrandurgagopinath/Desktop/ICICLE_projects/edge-inference-sandbox/ct-controller/ctcontroller/remote.py:162]
2026-03-10 17:29:58,174 INFO: CustomJetsonAppManager.shutdown_job() called [in /Users/harikeshbyrandurgagopinath/Desktop/ICICLE_projects/edge-inference-sandbox/ct-controller/ctcontroller/custom_jetson_app.py:75]
2026-03-10 17:29:58,176 INFO: setting status to Status.SHUTDOWN [in /Users/harikeshbyrandurgagopinath/Desktop/ICICLE_projects/edge-inference-sandbox/ct-controller/ctcontroller/provisioner.py:108]
2026-03-10 17:33:32,762 INFO: setting site to jetson [in /Users/harikeshbyrandurgagopinath/Desktop/ICICLE_projects/edge-inference-sandbox/ct-controller/ctcontroller/provisioner.py:108]
2026-03-10 17:33:32,762 INFO: setting user to harikeshbyrandurgagopinath [in /Users/harikeshbyrandurgagopinath/Desktop/ICICLE_projects/edge-inference-sandbox/ct-controller/ctcontroller/provisioner.py:108]
2026-03-10 17:33:32,763 INFO: setting site_config to {'Name': 'jetson_key', 'Path': '/Users/harikeshbyrandurgagopinath/.ssh/jetson_key'} [in /Users/harikeshbyrandurgagopinath/Desktop/ICICLE_projects/edge-inference-sandbox/ct-controller/ctcontroller/provisioner.py:108]
2026-03-10 17:33:32,763 INFO: Using service account [in /Users/harikeshbyrandurgagopinath/Desktop/ICICLE_projects/edge-inference-sandbox/ct-controller/ctcontroller/provisioner.py:102]
2026-03-10 17:33:32,763 INFO: setting key_name to jetson_key [in /Users/harikeshbyrandurgagopinath/Desktop/ICICLE_projects/edge-inference-sandbox/ct-controller/ctcontroller/provisioner.py:108]
2026-03-10 17:33:32,763 INFO: setting private_key to /Users/harikeshbyrandurgagopinath/.ssh/jetson_key [in /Users/harikeshbyrandurgagopinath/Desktop/ICICLE_projects/edge-inference-sandbox/ct-controller/ctcontroller/provisioner.py:108]
2026-03-10 17:33:32,763 INFO: setting use_service_acct to True [in /Users/harikeshbyrandurgagopinath/Desktop/ICICLE_projects/edge-inference-sandbox/ct-controller/ctcontroller/provisioner.py:108]
2026-03-10 17:33:32,763 INFO: setting ssh_key to {'name': 'jetson_key', 'path': '/Users/harikeshbyrandurgagopinath/.ssh/jetson_key'} [in /Users/harikeshbyrandurgagopinath/Desktop/ICICLE_projects/edge-inference-sandbox/ct-controller/ctcontroller/provisioner.py:108]
2026-03-10 17:33:32,763 INFO: setting num_nodes to 1 [in /Users/harikeshbyrandurgagopinath/Desktop/ICICLE_projects/edge-inference-sandbox/ct-controller/ctcontroller/provisioner.py:108]
2026-03-10 17:33:32,763 INFO: setting node_type to Jetson [in /Users/harikeshbyrandurgagopinath/Desktop/ICICLE_projects/edge-inference-sandbox/ct-controller/ctcontroller/provisioner.py:108]
2026-03-10 17:33:32,763 INFO: setting gpu to True [in /Users/harikeshbyrandurgagopinath/Desktop/ICICLE_projects/edge-inference-sandbox/ct-controller/ctcontroller/provisioner.py:108]
2026-03-10 17:33:32,763 INFO: setting runner to None [in /Users/harikeshbyrandurgagopinath/Desktop/ICICLE_projects/edge-inference-sandbox/ct-controller/ctcontroller/provisioner.py:108]
2026-03-10 17:33:32,763 INFO: setting ip_addresses to None [in /Users/harikeshbyrandurgagopinath/Desktop/ICICLE_projects/edge-inference-sandbox/ct-controller/ctcontroller/provisioner.py:108]
2026-03-10 17:33:32,763 INFO: setting device_id to None [in /Users/harikeshbyrandurgagopinath/Desktop/ICICLE_projects/edge-inference-sandbox/ct-controller/ctcontroller/provisioner.py:108]
2026-03-10 17:33:32,763 INFO: setting status to Status.PENDING [in /Users/harikeshbyrandurgagopinath/Desktop/ICICLE_projects/edge-inference-sandbox/ct-controller/ctcontroller/provisioner.py:108]
2026-03-10 17:33:32,763 INFO: setting allow_attaching to False [in /Users/harikeshbyrandurgagopinath/Desktop/ICICLE_projects/edge-inference-sandbox/ct-controller/ctcontroller/provisioner.py:108]
2026-03-10 17:33:32,763 INFO: setting ip_addresses to 192.168.1.178 [in /Users/harikeshbyrandurgagopinath/Desktop/ICICLE_projects/edge-inference-sandbox/ct-controller/ctcontroller/provisioner.py:108]
2026-03-10 17:33:32,763 INFO: setting remote_id to nono [in /Users/harikeshbyrandurgagopinath/Desktop/ICICLE_projects/edge-inference-sandbox/ct-controller/ctcontroller/provisioner.py:108]
2026-03-10 17:33:32,763 INFO: setting allow_attaching to True [in /Users/harikeshbyrandurgagopinath/Desktop/ICICLE_projects/edge-inference-sandbox/ct-controller/ctcontroller/provisioner.py:108]
2026-03-10 17:33:32,763 INFO: setting status to Status.READY [in /Users/harikeshbyrandurgagopinath/Desktop/ICICLE_projects/edge-inference-sandbox/ct-controller/ctcontroller/provisioner.py:108]
2026-03-10 17:33:32,763 INFO: controller.application_config = {'node_type': 'Jetson', 'gpu': True, 'run_dir': '/home/nono/custom_jetson_run', 'app_type': 'custom_jetson_infer', 'local_app_dir': '/Users/harikeshbyrandurgagopinath/Desktop/ICICLE_projects/edge-inference-sandbox/ct-controller/ctcontroller/jetson_app', 'container_name': 'custom-jetson-app', 'image_name': 'custom-jetson-app:dev', 'requesting_user': 'harikeshbyrandurgagopinath', 'job_id': 'cWpefzu'} [in /Users/harikeshbyrandurgagopinath/Desktop/ICICLE_projects/edge-inference-sandbox/ct-controller/ctcontroller/ct_main.py:49]
2026-03-10 17:33:32,763 INFO: controller.provisioner_config = {'num_nodes': '1', 'target_site': 'jetson', 'node_type': 'Jetson', 'gpu': True, 'target_user': 'nono', 'config_path': '/Users/harikeshbyrandurgagopinath/Desktop/ICICLE_projects/edge-inference-sandbox/ct-controller/config.dev.yml', 'jetson_ip': '192.168.1.178', 'requesting_user': 'harikeshbyrandurgagopinath', 'job_id': 'cWpefzu'} [in /Users/harikeshbyrandurgagopinath/Desktop/ICICLE_projects/edge-inference-sandbox/ct-controller/ctcontroller/ct_main.py:50]
2026-03-10 17:33:33,084 INFO: Running "hostname" on remote server "192.168.1.178" [in /Users/harikeshbyrandurgagopinath/Desktop/ICICLE_projects/edge-inference-sandbox/ct-controller/ctcontroller/remote.py:134]
2026-03-10 17:33:33,155 INFO: Running "uname -m" on remote server "192.168.1.178" [in /Users/harikeshbyrandurgagopinath/Desktop/ICICLE_projects/edge-inference-sandbox/ct-controller/ctcontroller/remote.py:134]
2026-03-10 17:33:33,228 INFO: CustomJetsonAppManager.run_job() called [in /Users/harikeshbyrandurgagopinath/Desktop/ICICLE_projects/edge-inference-sandbox/ct-controller/ctcontroller/custom_jetson_app.py:63]
2026-03-10 17:33:33,229 INFO: run_dir=/home/nono/custom_jetson_run [in /Users/harikeshbyrandurgagopinath/Desktop/ICICLE_projects/edge-inference-sandbox/ct-controller/ctcontroller/custom_jetson_app.py:64]
2026-03-10 17:33:33,229 INFO: local_app_dir=/Users/harikeshbyrandurgagopinath/Desktop/ICICLE_projects/edge-inference-sandbox/ct-controller/ctcontroller/jetson_app [in /Users/harikeshbyrandurgagopinath/Desktop/ICICLE_projects/edge-inference-sandbox/ct-controller/ctcontroller/custom_jetson_app.py:65]
2026-03-10 17:33:33,229 INFO: container_name=custom-jetson-app [in /Users/harikeshbyrandurgagopinath/Desktop/ICICLE_projects/edge-inference-sandbox/ct-controller/ctcontroller/custom_jetson_app.py:66]
2026-03-10 17:33:33,229 INFO: image_name=custom-jetson-app:dev [in /Users/harikeshbyrandurgagopinath/Desktop/ICICLE_projects/edge-inference-sandbox/ct-controller/ctcontroller/custom_jetson_app.py:67]
2026-03-10 17:33:33,229 INFO: Staging app from /Users/harikeshbyrandurgagopinath/Desktop/ICICLE_projects/edge-inference-sandbox/ct-controller/ctcontroller/jetson_app to /home/nono/custom_jetson_run [in /Users/harikeshbyrandurgagopinath/Desktop/ICICLE_projects/edge-inference-sandbox/ct-controller/ctcontroller/custom_jetson_app.py:27]
2026-03-10 17:33:33,277 INFO: Copying from /Users/harikeshbyrandurgagopinath/Desktop/ICICLE_projects/edge-inference-sandbox/ct-controller/ctcontroller/jetson_app on local system to /home/nono/custom_jetson_run on remote [in /Users/harikeshbyrandurgagopinath/Desktop/ICICLE_projects/edge-inference-sandbox/ct-controller/ctcontroller/remote.py:228]
2026-03-10 17:33:33,522 INFO: Staged app root = /home/nono/custom_jetson_run/jetson_app [in /Users/harikeshbyrandurgagopinath/Desktop/ICICLE_projects/edge-inference-sandbox/ct-controller/ctcontroller/custom_jetson_app.py:42]
2026-03-10 17:33:33,522 INFO: Running "find /home/nono/custom_jetson_run/jetson_app -maxdepth 3 -type f | sort > /home/nono/custom_jetson_run/staged_files.txt" on remote server "192.168.1.178" [in /Users/harikeshbyrandurgagopinath/Desktop/ICICLE_projects/edge-inference-sandbox/ct-controller/ctcontroller/remote.py:134]
2026-03-10 17:33:33,607 INFO: Executing staged app: /home/nono/custom_jetson_run/jetson_app/app/main.py [in /Users/harikeshbyrandurgagopinath/Desktop/ICICLE_projects/edge-inference-sandbox/ct-controller/ctcontroller/custom_jetson_app.py:51]
2026-03-10 17:33:33,607 INFO: Running "cd /home/nono/custom_jetson_run/jetson_app && python app/main.py" on remote server "192.168.1.178".
Logging stdout=>/Users/harikeshbyrandurgagopinath/Desktop/ICICLE_projects/edge-inference-sandbox/ct-controller/output/custom_app_out.log and stderr=>/Users/harikeshbyrandurgagopinath/Desktop/ICICLE_projects/edge-inference-sandbox/ct-controller/output/custom_app_err.log [in /Users/harikeshbyrandurgagopinath/Desktop/ICICLE_projects/edge-inference-sandbox/ct-controller/ctcontroller/remote.py:162]
2026-03-10 17:33:39,864 INFO: CustomJetsonAppManager.shutdown_job() called [in /Users/harikeshbyrandurgagopinath/Desktop/ICICLE_projects/edge-inference-sandbox/ct-controller/ctcontroller/custom_jetson_app.py:75]
2026-03-10 17:33:39,865 INFO: setting status to Status.SHUTDOWN [in /Users/harikeshbyrandurgagopinath/Desktop/ICICLE_projects/edge-inference-sandbox/ct-controller/ctcontroller/provisioner.py:108]
2026-03-10 17:53:53,377 INFO: setting site to jetson [in /Users/harikeshbyrandurgagopinath/Desktop/ICICLE_projects/edge-inference-sandbox/ct-controller/ctcontroller/provisioner.py:108]
2026-03-10 17:53:53,377 INFO: setting user to harikeshbyrandurgagopinath [in /Users/harikeshbyrandurgagopinath/Desktop/ICICLE_projects/edge-inference-sandbox/ct-controller/ctcontroller/provisioner.py:108]
2026-03-10 17:53:53,378 INFO: setting site_config to {'Name': 'jetson_key', 'Path': '/Users/harikeshbyrandurgagopinath/.ssh/jetson_key'} [in /Users/harikeshbyrandurgagopinath/Desktop/ICICLE_projects/edge-inference-sandbox/ct-controller/ctcontroller/provisioner.py:108]
2026-03-10 17:53:53,378 INFO: Using service account [in /Users/harikeshbyrandurgagopinath/Desktop/ICICLE_projects/edge-inference-sandbox/ct-controller/ctcontroller/provisioner.py:102]
2026-03-10 17:53:53,378 INFO: setting key_name to jetson_key [in /Users/harikeshbyrandurgagopinath/Desktop/ICICLE_projects/edge-inference-sandbox/ct-controller/ctcontroller/provisioner.py:108]
2026-03-10 17:53:53,378 INFO: setting private_key to /Users/harikeshbyrandurgagopinath/.ssh/jetson_key [in /Users/harikeshbyrandurgagopinath/Desktop/ICICLE_projects/edge-inference-sandbox/ct-controller/ctcontroller/provisioner.py:108]
2026-03-10 17:53:53,378 INFO: setting use_service_acct to True [in /Users/harikeshbyrandurgagopinath/Desktop/ICICLE_projects/edge-inference-sandbox/ct-controller/ctcontroller/provisioner.py:108]
2026-03-10 17:53:53,378 INFO: setting ssh_key to {'name': 'jetson_key', 'path': '/Users/harikeshbyrandurgagopinath/.ssh/jetson_key'} [in /Users/harikeshbyrandurgagopinath/Desktop/ICICLE_projects/edge-inference-sandbox/ct-controller/ctcontroller/provisioner.py:108]
2026-03-10 17:53:53,378 INFO: setting num_nodes to 1 [in /Users/harikeshbyrandurgagopinath/Desktop/ICICLE_projects/edge-inference-sandbox/ct-controller/ctcontroller/provisioner.py:108]
2026-03-10 17:53:53,378 INFO: setting node_type to Jetson [in /Users/harikeshbyrandurgagopinath/Desktop/ICICLE_projects/edge-inference-sandbox/ct-controller/ctcontroller/provisioner.py:108]
2026-03-10 17:53:53,378 INFO: setting gpu to True [in /Users/harikeshbyrandurgagopinath/Desktop/ICICLE_projects/edge-inference-sandbox/ct-controller/ctcontroller/provisioner.py:108]
2026-03-10 17:53:53,378 INFO: setting runner to None [in /Users/harikeshbyrandurgagopinath/Desktop/ICICLE_projects/edge-inference-sandbox/ct-controller/ctcontroller/provisioner.py:108]
2026-03-10 17:53:53,378 INFO: setting ip_addresses to None [in /Users/harikeshbyrandurgagopinath/Desktop/ICICLE_projects/edge-inference-sandbox/ct-controller/ctcontroller/provisioner.py:108]
2026-03-10 17:53:53,378 INFO: setting device_id to None [in /Users/harikeshbyrandurgagopinath/Desktop/ICICLE_projects/edge-inference-sandbox/ct-controller/ctcontroller/provisioner.py:108]
2026-03-10 17:53:53,378 INFO: setting status to Status.PENDING [in /Users/harikeshbyrandurgagopinath/Desktop/ICICLE_projects/edge-inference-sandbox/ct-controller/ctcontroller/provisioner.py:108]
2026-03-10 17:53:53,378 INFO: setting allow_attaching to False [in /Users/harikeshbyrandurgagopinath/Desktop/ICICLE_projects/edge-inference-sandbox/ct-controller/ctcontroller/provisioner.py:108]
2026-03-10 17:53:53,378 INFO: setting ip_addresses to 192.168.1.178 [in /Users/harikeshbyrandurgagopinath/Desktop/ICICLE_projects/edge-inference-sandbox/ct-controller/ctcontroller/provisioner.py:108]
2026-03-10 17:53:53,378 INFO: setting remote_id to nono [in /Users/harikeshbyrandurgagopinath/Desktop/ICICLE_projects/edge-inference-sandbox/ct-controller/ctcontroller/provisioner.py:108]
2026-03-10 17:53:53,378 INFO: setting allow_attaching to True [in /Users/harikeshbyrandurgagopinath/Desktop/ICICLE_projects/edge-inference-sandbox/ct-controller/ctcontroller/provisioner.py:108]
2026-03-10 17:53:53,379 INFO: setting status to Status.READY [in /Users/harikeshbyrandurgagopinath/Desktop/ICICLE_projects/edge-inference-sandbox/ct-controller/ctcontroller/provisioner.py:108]
2026-03-10 17:53:53,379 INFO: controller.application_config = {'node_type': 'Jetson', 'gpu': True, 'run_dir': '/home/nono/custom_jetson_run', 'app_type': 'custom_jetson_infer', 'local_app_dir': '/Users/harikeshbyrandurgagopinath/Desktop/ICICLE_projects/edge-inference-sandbox/ct-controller/ctcontroller/jetson_app', 'container_name': 'custom-jetson-app', 'image_name': 'custom-jetson-app:dev', 'requesting_user': 'harikeshbyrandurgagopinath', 'job_id': 'PBoBfNK'} [in /Users/harikeshbyrandurgagopinath/Desktop/ICICLE_projects/edge-inference-sandbox/ct-controller/ctcontroller/ct_main.py:49]
2026-03-10 17:53:53,379 INFO: controller.provisioner_config = {'num_nodes': '1', 'target_site': 'jetson', 'node_type': 'Jetson', 'gpu': True, 'target_user': 'nono', 'config_path': '/Users/harikeshbyrandurgagopinath/Desktop/ICICLE_projects/edge-inference-sandbox/ct-controller/config.dev.yml', 'jetson_ip': '192.168.1.178', 'requesting_user': 'harikeshbyrandurgagopinath', 'job_id': 'PBoBfNK'} [in /Users/harikeshbyrandurgagopinath/Desktop/ICICLE_projects/edge-inference-sandbox/ct-controller/ctcontroller/ct_main.py:50]
2026-03-10 17:53:53,694 INFO: Running "hostname" on remote server "192.168.1.178" [in /Users/harikeshbyrandurgagopinath/Desktop/ICICLE_projects/edge-inference-sandbox/ct-controller/ctcontroller/remote.py:134]
2026-03-10 17:53:53,767 INFO: Running "uname -m" on remote server "192.168.1.178" [in /Users/harikeshbyrandurgagopinath/Desktop/ICICLE_projects/edge-inference-sandbox/ct-controller/ctcontroller/remote.py:134]
2026-03-10 17:53:53,835 INFO: CustomJetsonAppManager.run_job() called [in /Users/harikeshbyrandurgagopinath/Desktop/ICICLE_projects/edge-inference-sandbox/ct-controller/ctcontroller/custom_jetson_app.py:63]
2026-03-10 17:53:53,835 INFO: run_dir=/home/nono/custom_jetson_run [in /Users/harikeshbyrandurgagopinath/Desktop/ICICLE_projects/edge-inference-sandbox/ct-controller/ctcontroller/custom_jetson_app.py:64]
2026-03-10 17:53:53,835 INFO: local_app_dir=/Users/harikeshbyrandurgagopinath/Desktop/ICICLE_projects/edge-inference-sandbox/ct-controller/ctcontroller/jetson_app [in /Users/harikeshbyrandurgagopinath/Desktop/ICICLE_projects/edge-inference-sandbox/ct-controller/ctcontroller/custom_jetson_app.py:65]
2026-03-10 17:53:53,835 INFO: container_name=custom-jetson-app [in /Users/harikeshbyrandurgagopinath/Desktop/ICICLE_projects/edge-inference-sandbox/ct-controller/ctcontroller/custom_jetson_app.py:66]
2026-03-10 17:53:53,835 INFO: image_name=custom-jetson-app:dev [in /Users/harikeshbyrandurgagopinath/Desktop/ICICLE_projects/edge-inference-sandbox/ct-controller/ctcontroller/custom_jetson_app.py:67]
2026-03-10 17:53:53,835 INFO: Staging app from /Users/harikeshbyrandurgagopinath/Desktop/ICICLE_projects/edge-inference-sandbox/ct-controller/ctcontroller/jetson_app to /home/nono/custom_jetson_run [in /Users/harikeshbyrandurgagopinath/Desktop/ICICLE_projects/edge-inference-sandbox/ct-controller/ctcontroller/custom_jetson_app.py:27]
2026-03-10 17:53:53,887 INFO: Copying from /Users/harikeshbyrandurgagopinath/Desktop/ICICLE_projects/edge-inference-sandbox/ct-controller/ctcontroller/jetson_app on local system to /home/nono/custom_jetson_run on remote [in /Users/harikeshbyrandurgagopinath/Desktop/ICICLE_projects/edge-inference-sandbox/ct-controller/ctcontroller/remote.py:228]
2026-03-10 17:53:54,080 INFO: Staged app root = /home/nono/custom_jetson_run/jetson_app [in /Users/harikeshbyrandurgagopinath/Desktop/ICICLE_projects/edge-inference-sandbox/ct-controller/ctcontroller/custom_jetson_app.py:42]
2026-03-10 17:53:54,081 INFO: Running "find /home/nono/custom_jetson_run/jetson_app -maxdepth 3 -type f | sort > /home/nono/custom_jetson_run/staged_files.txt" on remote server "192.168.1.178" [in /Users/harikeshbyrandurgagopinath/Desktop/ICICLE_projects/edge-inference-sandbox/ct-controller/ctcontroller/remote.py:134]
2026-03-10 17:53:54,160 INFO: Executing staged app: /home/nono/custom_jetson_run/jetson_app/app/main.py [in /Users/harikeshbyrandurgagopinath/Desktop/ICICLE_projects/edge-inference-sandbox/ct-controller/ctcontroller/custom_jetson_app.py:51]
2026-03-10 17:53:54,160 INFO: Running "cd /home/nono/custom_jetson_run/jetson_app && python app/main.py" on remote server "192.168.1.178".
Logging stdout=>/Users/harikeshbyrandurgagopinath/Desktop/ICICLE_projects/edge-inference-sandbox/ct-controller/output/custom_app_out.log and stderr=>/Users/harikeshbyrandurgagopinath/Desktop/ICICLE_projects/edge-inference-sandbox/ct-controller/output/custom_app_err.log [in /Users/harikeshbyrandurgagopinath/Desktop/ICICLE_projects/edge-inference-sandbox/ct-controller/ctcontroller/remote.py:162]
2026-03-10 18:15:26,004 INFO: setting site to jetson [in /Users/harikeshbyrandurgagopinath/Desktop/ICICLE_projects/edge-inference-sandbox/ct-controller/ctcontroller/provisioner.py:108]
2026-03-10 18:15:26,004 INFO: setting user to harikeshbyrandurgagopinath [in /Users/harikeshbyrandurgagopinath/Desktop/ICICLE_projects/edge-inference-sandbox/ct-controller/ctcontroller/provisioner.py:108]
2026-03-10 18:15:26,005 INFO: setting site_config to {'Name': 'jetson_key', 'Path': '/Users/harikeshbyrandurgagopinath/.ssh/jetson_key'} [in /Users/harikeshbyrandurgagopinath/Desktop/ICICLE_projects/edge-inference-sandbox/ct-controller/ctcontroller/provisioner.py:108]
2026-03-10 18:15:26,005 INFO: Using service account [in /Users/harikeshbyrandurgagopinath/Desktop/ICICLE_projects/edge-inference-sandbox/ct-controller/ctcontroller/provisioner.py:102]
2026-03-10 18:15:26,005 INFO: setting key_name to jetson_key [in /Users/harikeshbyrandurgagopinath/Desktop/ICICLE_projects/edge-inference-sandbox/ct-controller/ctcontroller/provisioner.py:108]
2026-03-10 18:15:26,005 INFO: setting private_key to /Users/harikeshbyrandurgagopinath/.ssh/jetson_key [in /Users/harikeshbyrandurgagopinath/Desktop/ICICLE_projects/edge-inference-sandbox/ct-controller/ctcontroller/provisioner.py:108]
2026-03-10 18:15:26,005 INFO: setting use_service_acct to True [in /Users/harikeshbyrandurgagopinath/Desktop/ICICLE_projects/edge-inference-sandbox/ct-controller/ctcontroller/provisioner.py:108]
2026-03-10 18:15:26,005 INFO: setting ssh_key to {'name': 'jetson_key', 'path': '/Users/harikeshbyrandurgagopinath/.ssh/jetson_key'} [in /Users/harikeshbyrandurgagopinath/Desktop/ICICLE_projects/edge-inference-sandbox/ct-controller/ctcontroller/provisioner.py:108]
2026-03-10 18:15:26,005 INFO: setting num_nodes to 1 [in /Users/harikeshbyrandurgagopinath/Desktop/ICICLE_projects/edge-inference-sandbox/ct-controller/ctcontroller/provisioner.py:108]
2026-03-10 18:15:26,005 INFO: setting node_type to Jetson [in /Users/harikeshbyrandurgagopinath/Desktop/ICICLE_projects/edge-inference-sandbox/ct-controller/ctcontroller/provisioner.py:108]
2026-03-10 18:15:26,005 INFO: setting gpu to True [in /Users/harikeshbyrandurgagopinath/Desktop/ICICLE_projects/edge-inference-sandbox/ct-controller/ctcontroller/provisioner.py:108]
2026-03-10 18:15:26,005 INFO: setting runner to None [in /Users/harikeshbyrandurgagopinath/Desktop/ICICLE_projects/edge-inference-sandbox/ct-controller/ctcontroller/provisioner.py:108]
2026-03-10 18:15:26,006 INFO: setting ip_addresses to None [in /Users/harikeshbyrandurgagopinath/Desktop/ICICLE_projects/edge-inference-sandbox/ct-controller/ctcontroller/provisioner.py:108]
2026-03-10 18:15:26,006 INFO: setting device_id to None [in /Users/harikeshbyrandurgagopinath/Desktop/ICICLE_projects/edge-inference-sandbox/ct-controller/ctcontroller/provisioner.py:108]
2026-03-10 18:15:26,006 INFO: setting status to Status.PENDING [in /Users/harikeshbyrandurgagopinath/Desktop/ICICLE_projects/edge-inference-sandbox/ct-controller/ctcontroller/provisioner.py:108]
2026-03-10 18:15:26,006 INFO: setting allow_attaching to False [in /Users/harikeshbyrandurgagopinath/Desktop/ICICLE_projects/edge-inference-sandbox/ct-controller/ctcontroller/provisioner.py:108]
2026-03-10 18:15:26,006 INFO: setting ip_addresses to 192.168.1.178 [in /Users/harikeshbyrandurgagopinath/Desktop/ICICLE_projects/edge-inference-sandbox/ct-controller/ctcontroller/provisioner.py:108]
2026-03-10 18:15:26,006 INFO: setting remote_id to nono [in /Users/harikeshbyrandurgagopinath/Desktop/ICICLE_projects/edge-inference-sandbox/ct-controller/ctcontroller/provisioner.py:108]
2026-03-10 18:15:26,006 INFO: setting allow_attaching to True [in /Users/harikeshbyrandurgagopinath/Desktop/ICICLE_projects/edge-inference-sandbox/ct-controller/ctcontroller/provisioner.py:108]
2026-03-10 18:15:26,006 INFO: setting status to Status.READY [in /Users/harikeshbyrandurgagopinath/Desktop/ICICLE_projects/edge-inference-sandbox/ct-controller/ctcontroller/provisioner.py:108]
2026-03-10 18:15:26,006 INFO: controller.application_config = {'node_type': 'Jetson', 'gpu': True, 'run_dir': '/home/nono/custom_jetson_run', 'app_type': 'custom_jetson_infer', 'local_app_dir': '/Users/harikeshbyrandurgagopinath/Desktop/ICICLE_projects/edge-inference-sandbox/ct-controller/ctcontroller/jetson_app', 'container_name': 'custom-jetson-app', 'image_name': 'custom-jetson-app:dev', 'jetson_model_path': './models/Yolo-cnw.pt', 'jetson_threshold': 0.8, 'jetson_target_cls': 38, 'jetson_gpio_pin': 33, 'jetson_sleep_sec': 0.05, 'requesting_user': 'harikeshbyrandurgagopinath', 'job_id': 'uXhMUYL'} [in /Users/harikeshbyrandurgagopinath/Desktop/ICICLE_projects/edge-inference-sandbox/ct-controller/ctcontroller/ct_main.py:49]
2026-03-10 18:15:26,006 INFO: controller.provisioner_config = {'num_nodes': '1', 'target_site': 'jetson', 'node_type': 'Jetson', 'gpu': True, 'target_user': 'nono', 'config_path': '/Users/harikeshbyrandurgagopinath/Desktop/ICICLE_projects/edge-inference-sandbox/ct-controller/config.dev.yml', 'jetson_ip': '192.168.1.178', 'requesting_user': 'harikeshbyrandurgagopinath', 'job_id': 'uXhMUYL'} [in /Users/harikeshbyrandurgagopinath/Desktop/ICICLE_projects/edge-inference-sandbox/ct-controller/ctcontroller/ct_main.py:50]
2026-03-10 18:15:26,332 INFO: Running "hostname" on remote server "192.168.1.178" [in /Users/harikeshbyrandurgagopinath/Desktop/ICICLE_projects/edge-inference-sandbox/ct-controller/ctcontroller/remote.py:134]
2026-03-10 18:15:26,407 INFO: Running "uname -m" on remote server "192.168.1.178" [in /Users/harikeshbyrandurgagopinath/Desktop/ICICLE_projects/edge-inference-sandbox/ct-controller/ctcontroller/remote.py:134]
2026-03-10 18:15:26,477 INFO: CustomJetsonAppManager.run_job() called [in /Users/harikeshbyrandurgagopinath/Desktop/ICICLE_projects/edge-inference-sandbox/ct-controller/ctcontroller/custom_jetson_app.py:74]
2026-03-10 18:15:26,477 INFO: run_dir=/home/nono/custom_jetson_run [in /Users/harikeshbyrandurgagopinath/Desktop/ICICLE_projects/edge-inference-sandbox/ct-controller/ctcontroller/custom_jetson_app.py:75]
2026-03-10 18:15:26,478 INFO: local_app_dir=/Users/harikeshbyrandurgagopinath/Desktop/ICICLE_projects/edge-inference-sandbox/ct-controller/ctcontroller/jetson_app [in /Users/harikeshbyrandurgagopinath/Desktop/ICICLE_projects/edge-inference-sandbox/ct-controller/ctcontroller/custom_jetson_app.py:76]
2026-03-10 18:15:26,478 INFO: container_name=custom-jetson-app [in /Users/harikeshbyrandurgagopinath/Desktop/ICICLE_projects/edge-inference-sandbox/ct-controller/ctcontroller/custom_jetson_app.py:77]
2026-03-10 18:15:26,478 INFO: image_name=custom-jetson-app:dev [in /Users/harikeshbyrandurgagopinath/Desktop/ICICLE_projects/edge-inference-sandbox/ct-controller/ctcontroller/custom_jetson_app.py:78]
2026-03-10 18:15:26,478 INFO: jetson_model_path=./models/Yolo-cnw.pt [in /Users/harikeshbyrandurgagopinath/Desktop/ICICLE_projects/edge-inference-sandbox/ct-controller/ctcontroller/custom_jetson_app.py:79]
2026-03-10 18:15:26,478 INFO: jetson_threshold=0.8 [in /Users/harikeshbyrandurgagopinath/Desktop/ICICLE_projects/edge-inference-sandbox/ct-controller/ctcontroller/custom_jetson_app.py:80]
2026-03-10 18:15:26,478 INFO: jetson_target_cls=38 [in /Users/harikeshbyrandurgagopinath/Desktop/ICICLE_projects/edge-inference-sandbox/ct-controller/ctcontroller/custom_jetson_app.py:81]
2026-03-10 18:15:26,478 INFO: jetson_gpio_pin=33 [in /Users/harikeshbyrandurgagopinath/Desktop/ICICLE_projects/edge-inference-sandbox/ct-controller/ctcontroller/custom_jetson_app.py:82]
2026-03-10 18:15:26,478 INFO: jetson_sleep_sec=0.05 [in /Users/harikeshbyrandurgagopinath/Desktop/ICICLE_projects/edge-inference-sandbox/ct-controller/ctcontroller/custom_jetson_app.py:83]
2026-03-10 18:15:26,478 INFO: Staging app from /Users/harikeshbyrandurgagopinath/Desktop/ICICLE_projects/edge-inference-sandbox/ct-controller/ctcontroller/jetson_app to /home/nono/custom_jetson_run [in /Users/harikeshbyrandurgagopinath/Desktop/ICICLE_projects/edge-inference-sandbox/ct-controller/ctcontroller/custom_jetson_app.py:32]
2026-03-10 18:15:26,530 INFO: Copying from /Users/harikeshbyrandurgagopinath/Desktop/ICICLE_projects/edge-inference-sandbox/ct-controller/ctcontroller/jetson_app on local system to /home/nono/custom_jetson_run on remote [in /Users/harikeshbyrandurgagopinath/Desktop/ICICLE_projects/edge-inference-sandbox/ct-controller/ctcontroller/remote.py:228]
2026-03-10 18:15:26,728 INFO: Staged app root = /home/nono/custom_jetson_run/jetson_app [in /Users/harikeshbyrandurgagopinath/Desktop/ICICLE_projects/edge-inference-sandbox/ct-controller/ctcontroller/custom_jetson_app.py:47]
2026-03-10 18:15:26,728 INFO: Running "find /home/nono/custom_jetson_run/jetson_app -maxdepth 3 -type f | sort > /home/nono/custom_jetson_run/staged_files.txt" on remote server "192.168.1.178" [in /Users/harikeshbyrandurgagopinath/Desktop/ICICLE_projects/edge-inference-sandbox/ct-controller/ctcontroller/remote.py:134]
2026-03-10 18:15:26,814 INFO: Executing staged app: /home/nono/custom_jetson_run/jetson_app/app/main.py [in /Users/harikeshbyrandurgagopinath/Desktop/ICICLE_projects/edge-inference-sandbox/ct-controller/ctcontroller/custom_jetson_app.py:56]
2026-03-10 18:15:26,814 INFO: Running "cd /home/nono/custom_jetson_run/jetson_app && MODEL_PATH='./models/Yolo-cnw.pt' THRESHOLD='0.8' TARGET_CLS='38' GPIO_PIN='33' SLEEP_SEC='0.05' python3 app/main.py" on remote server "192.168.1.178".
Logging stdout=>/Users/harikeshbyrandurgagopinath/Desktop/ICICLE_projects/edge-inference-sandbox/ct-controller/output/custom_app_out.log and stderr=>/Users/harikeshbyrandurgagopinath/Desktop/ICICLE_projects/edge-inference-sandbox/ct-controller/output/custom_app_err.log [in /Users/harikeshbyrandurgagopinath/Desktop/ICICLE_projects/edge-inference-sandbox/ct-controller/ctcontroller/remote.py:162]
2026-03-11 00:45:48,649 INFO: setting site to jetson [in /Users/harikeshbyrandurgagopinath/Desktop/ICICLE_projects/edge-inference-sandbox/ct-controller/ctcontroller/provisioner.py:108]
2026-03-11 00:45:48,649 INFO: setting user to harikeshbyrandurgagopinath [in /Users/harikeshbyrandurgagopinath/Desktop/ICICLE_projects/edge-inference-sandbox/ct-controller/ctcontroller/provisioner.py:108]
2026-03-11 00:45:48,650 INFO: setting site_config to {'Name': 'jetson_key', 'Path': '/Users/harikeshbyrandurgagopinath/.ssh/jetson_key'} [in /Users/harikeshbyrandurgagopinath/Desktop/ICICLE_projects/edge-inference-sandbox/ct-controller/ctcontroller/provisioner.py:108]
2026-03-11 00:45:48,651 INFO: Using service account [in /Users/harikeshbyrandurgagopinath/Desktop/ICICLE_projects/edge-inference-sandbox/ct-controller/ctcontroller/provisioner.py:102]
2026-03-11 00:45:48,651 INFO: setting key_name to jetson_key [in /Users/harikeshbyrandurgagopinath/Desktop/ICICLE_projects/edge-inference-sandbox/ct-controller/ctcontroller/provisioner.py:108]
2026-03-11 00:45:48,651 INFO: setting private_key to /Users/harikeshbyrandurgagopinath/.ssh/jetson_key [in /Users/harikeshbyrandurgagopinath/Desktop/ICICLE_projects/edge-inference-sandbox/ct-controller/ctcontroller/provisioner.py:108]
2026-03-11 00:45:48,651 INFO: setting use_service_acct to True [in /Users/harikeshbyrandurgagopinath/Desktop/ICICLE_projects/edge-inference-sandbox/ct-controller/ctcontroller/provisioner.py:108]
2026-03-11 00:45:48,651 INFO: setting ssh_key to {'name': 'jetson_key', 'path': '/Users/harikeshbyrandurgagopinath/.ssh/jetson_key'} [in /Users/harikeshbyrandurgagopinath/Desktop/ICICLE_projects/edge-inference-sandbox/ct-controller/ctcontroller/provisioner.py:108]
2026-03-11 00:45:48,651 INFO: setting num_nodes to 1 [in /Users/harikeshbyrandurgagopinath/Desktop/ICICLE_projects/edge-inference-sandbox/ct-controller/ctcontroller/provisioner.py:108]
2026-03-11 00:45:48,651 INFO: setting node_type to Jetson [in /Users/harikeshbyrandurgagopinath/Desktop/ICICLE_projects/edge-inference-sandbox/ct-controller/ctcontroller/provisioner.py:108]
2026-03-11 00:45:48,651 INFO: setting gpu to True [in /Users/harikeshbyrandurgagopinath/Desktop/ICICLE_projects/edge-inference-sandbox/ct-controller/ctcontroller/provisioner.py:108]
2026-03-11 00:45:48,651 INFO: setting runner to None [in /Users/harikeshbyrandurgagopinath/Desktop/ICICLE_projects/edge-inference-sandbox/ct-controller/ctcontroller/provisioner.py:108]
2026-03-11 00:45:48,651 INFO: setting ip_addresses to None [in /Users/harikeshbyrandurgagopinath/Desktop/ICICLE_projects/edge-inference-sandbox/ct-controller/ctcontroller/provisioner.py:108]
2026-03-11 00:45:48,651 INFO: setting device_id to None [in /Users/harikeshbyrandurgagopinath/Desktop/ICICLE_projects/edge-inference-sandbox/ct-controller/ctcontroller/provisioner.py:108]
2026-03-11 00:45:48,651 INFO: setting status to Status.PENDING [in /Users/harikeshbyrandurgagopinath/Desktop/ICICLE_projects/edge-inference-sandbox/ct-controller/ctcontroller/provisioner.py:108]
2026-03-11 00:45:48,651 INFO: setting allow_attaching to False [in /Users/harikeshbyrandurgagopinath/Desktop/ICICLE_projects/edge-inference-sandbox/ct-controller/ctcontroller/provisioner.py:108]
2026-03-11 00:45:48,651 INFO: setting ip_addresses to 192.168.1.178 [in /Users/harikeshbyrandurgagopinath/Desktop/ICICLE_projects/edge-inference-sandbox/ct-controller/ctcontroller/provisioner.py:108]
2026-03-11 00:45:48,651 INFO: setting remote_id to nono [in /Users/harikeshbyrandurgagopinath/Desktop/ICICLE_projects/edge-inference-sandbox/ct-controller/ctcontroller/provisioner.py:108]
2026-03-11 00:45:48,651 INFO: setting allow_attaching to True [in /Users/harikeshbyrandurgagopinath/Desktop/ICICLE_projects/edge-inference-sandbox/ct-controller/ctcontroller/provisioner.py:108]
2026-03-11 00:45:48,651 INFO: setting status to Status.READY [in /Users/harikeshbyrandurgagopinath/Desktop/ICICLE_projects/edge-inference-sandbox/ct-controller/ctcontroller/provisioner.py:108]
2026-03-11 00:45:48,651 INFO: controller.application_config = {'node_type': 'Jetson', 'gpu': True, 'run_dir': '/home/nono/custom_jetson_run', 'app_type': 'custom_jetson_infer', 'local_app_dir': '/Users/harikeshbyrandurgagopinath/Desktop/ICICLE_projects/edge-inference-sandbox/ct-controller/ctcontroller/jetson_app', 'container_name': 'custom-jetson-app', 'image_name': 'custom-jetson-app:dev', 'jetson_model_path': './models/Yolo-cnw.pt', 'jetson_threshold': 0.8, 'jetson_target_cls': 38, 'jetson_gpio_pin': 33, 'jetson_sleep_sec': 0.05, 'requesting_user': 'harikeshbyrandurgagopinath', 'job_id': 'kJnVjfw'} [in /Users/harikeshbyrandurgagopinath/Desktop/ICICLE_projects/edge-inference-sandbox/ct-controller/ctcontroller/ct_main.py:49]
2026-03-11 00:45:48,651 INFO: controller.provisioner_config = {'num_nodes': '1', 'target_site': 'jetson', 'node_type': 'Jetson', 'gpu': True, 'target_user': 'nono', 'config_path': '/Users/harikeshbyrandurgagopinath/Desktop/ICICLE_projects/edge-inference-sandbox/ct-controller/config.dev.yml', 'jetson_ip': '192.168.1.178', 'requesting_user': 'harikeshbyrandurgagopinath', 'job_id': 'kJnVjfw'} [in /Users/harikeshbyrandurgagopinath/Desktop/ICICLE_projects/edge-inference-sandbox/ct-controller/ctcontroller/ct_main.py:50]
2026-03-11 00:45:49,011 INFO: Running "hostname" on remote server "192.168.1.178" [in /Users/harikeshbyrandurgagopinath/Desktop/ICICLE_projects/edge-inference-sandbox/ct-controller/ctcontroller/remote.py:134]
2026-03-11 00:45:49,081 INFO: Running "uname -m" on remote server "192.168.1.178" [in /Users/harikeshbyrandurgagopinath/Desktop/ICICLE_projects/edge-inference-sandbox/ct-controller/ctcontroller/remote.py:134]
2026-03-11 00:45:49,164 INFO: CustomJetsonAppManager.run_job() called [in /Users/harikeshbyrandurgagopinath/Desktop/ICICLE_projects/edge-inference-sandbox/ct-controller/ctcontroller/custom_jetson_app.py:74]
2026-03-11 00:45:49,165 INFO: run_dir=/home/nono/custom_jetson_run [in /Users/harikeshbyrandurgagopinath/Desktop/ICICLE_projects/edge-inference-sandbox/ct-controller/ctcontroller/custom_jetson_app.py:75]
2026-03-11 00:45:49,165 INFO: local_app_dir=/Users/harikeshbyrandurgagopinath/Desktop/ICICLE_projects/edge-inference-sandbox/ct-controller/ctcontroller/jetson_app [in /Users/harikeshbyrandurgagopinath/Desktop/ICICLE_projects/edge-inference-sandbox/ct-controller/ctcontroller/custom_jetson_app.py:76]
2026-03-11 00:45:49,165 INFO: container_name=custom-jetson-app [in /Users/harikeshbyrandurgagopinath/Desktop/ICICLE_projects/edge-inference-sandbox/ct-controller/ctcontroller/custom_jetson_app.py:77]
2026-03-11 00:45:49,166 INFO: image_name=custom-jetson-app:dev [in /Users/harikeshbyrandurgagopinath/Desktop/ICICLE_projects/edge-inference-sandbox/ct-controller/ctcontroller/custom_jetson_app.py:78]
2026-03-11 00:45:49,166 INFO: jetson_model_path=./models/Yolo-cnw.pt [in /Users/harikeshbyrandurgagopinath/Desktop/ICICLE_projects/edge-inference-sandbox/ct-controller/ctcontroller/custom_jetson_app.py:79]
2026-03-11 00:45:49,166 INFO: jetson_threshold=0.8 [in /Users/harikeshbyrandurgagopinath/Desktop/ICICLE_projects/edge-inference-sandbox/ct-controller/ctcontroller/custom_jetson_app.py:80]
2026-03-11 00:45:49,166 INFO: jetson_target_cls=38 [in /Users/harikeshbyrandurgagopinath/Desktop/ICICLE_projects/edge-inference-sandbox/ct-controller/ctcontroller/custom_jetson_app.py:81]
2026-03-11 00:45:49,166 INFO: jetson_gpio_pin=33 [in /Users/harikeshbyrandurgagopinath/Desktop/ICICLE_projects/edge-inference-sandbox/ct-controller/ctcontroller/custom_jetson_app.py:82]
2026-03-11 00:45:49,167 INFO: jetson_sleep_sec=0.05 [in /Users/harikeshbyrandurgagopinath/Desktop/ICICLE_projects/edge-inference-sandbox/ct-controller/ctcontroller/custom_jetson_app.py:83]
2026-03-11 00:45:49,167 INFO: Staging app from /Users/harikeshbyrandurgagopinath/Desktop/ICICLE_projects/edge-inference-sandbox/ct-controller/ctcontroller/jetson_app to /home/nono/custom_jetson_run [in /Users/harikeshbyrandurgagopinath/Desktop/ICICLE_projects/edge-inference-sandbox/ct-controller/ctcontroller/custom_jetson_app.py:32]
2026-03-11 00:45:49,218 INFO: Copying from /Users/harikeshbyrandurgagopinath/Desktop/ICICLE_projects/edge-inference-sandbox/ct-controller/ctcontroller/jetson_app on local system to /home/nono/custom_jetson_run on remote [in /Users/harikeshbyrandurgagopinath/Desktop/ICICLE_projects/edge-inference-sandbox/ct-controller/ctcontroller/remote.py:228]
2026-03-11 00:45:49,483 INFO: Staged app root = /home/nono/custom_jetson_run/jetson_app [in /Users/harikeshbyrandurgagopinath/Desktop/ICICLE_projects/edge-inference-sandbox/ct-controller/ctcontroller/custom_jetson_app.py:47]
2026-03-11 00:45:49,483 INFO: Running "find /home/nono/custom_jetson_run/jetson_app -maxdepth 3 -type f | sort > /home/nono/custom_jetson_run/staged_files.txt" on remote server "192.168.1.178" [in /Users/harikeshbyrandurgagopinath/Desktop/ICICLE_projects/edge-inference-sandbox/ct-controller/ctcontroller/remote.py:134]
2026-03-11 00:45:49,565 INFO: Executing staged app: /home/nono/custom_jetson_run/jetson_app/app/main.py [in /Users/harikeshbyrandurgagopinath/Desktop/ICICLE_projects/edge-inference-sandbox/ct-controller/ctcontroller/custom_jetson_app.py:56]
2026-03-11 00:45:49,565 INFO: Running "cd /home/nono/custom_jetson_run/jetson_app && MODEL_PATH='./models/Yolo-cnw.pt' THRESHOLD='0.8' TARGET_CLS='38' GPIO_PIN='33' SLEEP_SEC='0.05' python3 app/main.py" on remote server "192.168.1.178".
Logging stdout=>/Users/harikeshbyrandurgagopinath/Desktop/ICICLE_projects/edge-inference-sandbox/ct-controller/output/custom_app_out.log and stderr=>/Users/harikeshbyrandurgagopinath/Desktop/ICICLE_projects/edge-inference-sandbox/ct-controller/output/custom_app_err.log [in /Users/harikeshbyrandurgagopinath/Desktop/ICICLE_projects/edge-inference-sandbox/ct-controller/ctcontroller/remote.py:162]
2026-03-11 18:54:12,111 INFO: setting site to jetson [in /Users/harikeshbyrandurgagopinath/Desktop/ICICLE_projects/edge-inference-sandbox/ct-controller/ctcontroller/provisioner.py:108]
2026-03-11 18:54:12,111 INFO: setting user to harikeshbyrandurgagopinath [in /Users/harikeshbyrandurgagopinath/Desktop/ICICLE_projects/edge-inference-sandbox/ct-controller/ctcontroller/provisioner.py:108]
2026-03-11 18:54:12,112 INFO: setting site_config to {'Name': 'jetson_key', 'Path': '/Users/harikeshbyrandurgagopinath/.ssh/jetson_key'} [in /Users/harikeshbyrandurgagopinath/Desktop/ICICLE_projects/edge-inference-sandbox/ct-controller/ctcontroller/provisioner.py:108]
2026-03-11 18:54:12,112 INFO: Using service account [in /Users/harikeshbyrandurgagopinath/Desktop/ICICLE_projects/edge-inference-sandbox/ct-controller/ctcontroller/provisioner.py:102]
2026-03-11 18:54:12,112 INFO: setting key_name to jetson_key [in /Users/harikeshbyrandurgagopinath/Desktop/ICICLE_projects/edge-inference-sandbox/ct-controller/ctcontroller/provisioner.py:108]
2026-03-11 18:54:12,112 INFO: setting private_key to /Users/harikeshbyrandurgagopinath/.ssh/jetson_key [in /Users/harikeshbyrandurgagopinath/Desktop/ICICLE_projects/edge-inference-sandbox/ct-controller/ctcontroller/provisioner.py:108]
2026-03-11 18:54:12,112 INFO: setting use_service_acct to True [in /Users/harikeshbyrandurgagopinath/Desktop/ICICLE_projects/edge-inference-sandbox/ct-controller/ctcontroller/provisioner.py:108]
2026-03-11 18:54:12,112 INFO: setting ssh_key to {'name': 'jetson_key', 'path': '/Users/harikeshbyrandurgagopinath/.ssh/jetson_key'} [in /Users/harikeshbyrandurgagopinath/Desktop/ICICLE_projects/edge-inference-sandbox/ct-controller/ctcontroller/provisioner.py:108]
2026-03-11 18:54:12,112 INFO: setting num_nodes to 1 [in /Users/harikeshbyrandurgagopinath/Desktop/ICICLE_projects/edge-inference-sandbox/ct-controller/ctcontroller/provisioner.py:108]
2026-03-11 18:54:12,112 INFO: setting node_type to Jetson [in /Users/harikeshbyrandurgagopinath/Desktop/ICICLE_projects/edge-inference-sandbox/ct-controller/ctcontroller/provisioner.py:108]
2026-03-11 18:54:12,112 INFO: setting gpu to True [in /Users/harikeshbyrandurgagopinath/Desktop/ICICLE_projects/edge-inference-sandbox/ct-controller/ctcontroller/provisioner.py:108]
2026-03-11 18:54:12,112 INFO: setting runner to None [in /Users/harikeshbyrandurgagopinath/Desktop/ICICLE_projects/edge-inference-sandbox/ct-controller/ctcontroller/provisioner.py:108]
2026-03-11 18:54:12,113 INFO: setting ip_addresses to None [in /Users/harikeshbyrandurgagopinath/Desktop/ICICLE_projects/edge-inference-sandbox/ct-controller/ctcontroller/provisioner.py:108]
2026-03-11 18:54:12,113 INFO: setting device_id to None [in /Users/harikeshbyrandurgagopinath/Desktop/ICICLE_projects/edge-inference-sandbox/ct-controller/ctcontroller/provisioner.py:108]
2026-03-11 18:54:12,113 INFO: setting status to Status.PENDING [in /Users/harikeshbyrandurgagopinath/Desktop/ICICLE_projects/edge-inference-sandbox/ct-controller/ctcontroller/provisioner.py:108]
2026-03-11 18:54:12,113 INFO: setting allow_attaching to False [in /Users/harikeshbyrandurgagopinath/Desktop/ICICLE_projects/edge-inference-sandbox/ct-controller/ctcontroller/provisioner.py:108]
2026-03-11 18:54:12,113 INFO: setting ip_addresses to 192.168.1.178 [in /Users/harikeshbyrandurgagopinath/Desktop/ICICLE_projects/edge-inference-sandbox/ct-controller/ctcontroller/provisioner.py:108]
2026-03-11 18:54:12,113 INFO: setting remote_id to nono [in /Users/harikeshbyrandurgagopinath/Desktop/ICICLE_projects/edge-inference-sandbox/ct-controller/ctcontroller/provisioner.py:108]
2026-03-11 18:54:12,113 INFO: setting allow_attaching to True [in /Users/harikeshbyrandurgagopinath/Desktop/ICICLE_projects/edge-inference-sandbox/ct-controller/ctcontroller/provisioner.py:108]
2026-03-11 18:54:12,113 INFO: setting status to Status.READY [in /Users/harikeshbyrandurgagopinath/Desktop/ICICLE_projects/edge-inference-sandbox/ct-controller/ctcontroller/provisioner.py:108]
2026-03-11 18:54:12,113 INFO: controller.application_config = {'node_type': 'Jetson', 'gpu': True, 'run_dir': '/home/nono/custom_jetson_run', 'app_type': 'custom_jetson_infer', 'local_app_dir': '/Users/harikeshbyrandurgagopinath/Desktop/ICICLE_projects/edge-inference-sandbox/ct-controller/ctcontroller/jetson_app', 'container_name': 'custom-jetson-app', 'image_name': 'custom-jetson-app:dev', 'jetson_model_path': './models/Yolo-cnw.pt', 'jetson_threshold': 0.8, 'jetson_target_cls': 38, 'jetson_gpio_pin': 33, 'jetson_sleep_sec': 0.05, 'requesting_user': 'harikeshbyrandurgagopinath', 'job_id': 'xUtdtsL'} [in /Users/harikeshbyrandurgagopinath/Desktop/ICICLE_projects/edge-inference-sandbox/ct-controller/ctcontroller/ct_main.py:49]
2026-03-11 18:54:12,113 INFO: controller.provisioner_config = {'num_nodes': '1', 'target_site': 'jetson', 'node_type': 'Jetson', 'gpu': True, 'target_user': 'nono', 'config_path': '/Users/harikeshbyrandurgagopinath/Desktop/ICICLE_projects/edge-inference-sandbox/ct-controller/config.dev.yml', 'jetson_ip': '192.168.1.178', 'requesting_user': 'harikeshbyrandurgagopinath', 'job_id': 'xUtdtsL'} [in /Users/harikeshbyrandurgagopinath/Desktop/ICICLE_projects/edge-inference-sandbox/ct-controller/ctcontroller/ct_main.py:50]
2026-03-11 18:54:12,507 INFO: Running "hostname" on remote server "192.168.1.178" [in /Users/harikeshbyrandurgagopinath/Desktop/ICICLE_projects/edge-inference-sandbox/ct-controller/ctcontroller/remote.py:134]
2026-03-11 18:54:12,577 INFO: Running "uname -m" on remote server "192.168.1.178" [in /Users/harikeshbyrandurgagopinath/Desktop/ICICLE_projects/edge-inference-sandbox/ct-controller/ctcontroller/remote.py:134]
2026-03-11 18:54:12,647 INFO: CustomJetsonAppManager.run_job() called [in /Users/harikeshbyrandurgagopinath/Desktop/ICICLE_projects/edge-inference-sandbox/ct-controller/ctcontroller/custom_jetson_app.py:74]
2026-03-11 18:54:12,648 INFO: run_dir=/home/nono/custom_jetson_run [in /Users/harikeshbyrandurgagopinath/Desktop/ICICLE_projects/edge-inference-sandbox/ct-controller/ctcontroller/custom_jetson_app.py:75]
2026-03-11 18:54:12,648 INFO: local_app_dir=/Users/harikeshbyrandurgagopinath/Desktop/ICICLE_projects/edge-inference-sandbox/ct-controller/ctcontroller/jetson_app [in /Users/harikeshbyrandurgagopinath/Desktop/ICICLE_projects/edge-inference-sandbox/ct-controller/ctcontroller/custom_jetson_app.py:76]
2026-03-11 18:54:12,648 INFO: container_name=custom-jetson-app [in /Users/harikeshbyrandurgagopinath/Desktop/ICICLE_projects/edge-inference-sandbox/ct-controller/ctcontroller/custom_jetson_app.py:77]
2026-03-11 18:54:12,648 INFO: image_name=custom-jetson-app:dev [in /Users/harikeshbyrandurgagopinath/Desktop/ICICLE_projects/edge-inference-sandbox/ct-controller/ctcontroller/custom_jetson_app.py:78]
2026-03-11 18:54:12,648 INFO: jetson_model_path=./models/Yolo-cnw.pt [in /Users/harikeshbyrandurgagopinath/Desktop/ICICLE_projects/edge-inference-sandbox/ct-controller/ctcontroller/custom_jetson_app.py:79]
2026-03-11 18:54:12,649 INFO: jetson_threshold=0.8 [in /Users/harikeshbyrandurgagopinath/Desktop/ICICLE_projects/edge-inference-sandbox/ct-controller/ctcontroller/custom_jetson_app.py:80]
2026-03-11 18:54:12,649 INFO: jetson_target_cls=38 [in /Users/harikeshbyrandurgagopinath/Desktop/ICICLE_projects/edge-inference-sandbox/ct-controller/ctcontroller/custom_jetson_app.py:81]
2026-03-11 18:54:12,649 INFO: jetson_gpio_pin=33 [in /Users/harikeshbyrandurgagopinath/Desktop/ICICLE_projects/edge-inference-sandbox/ct-controller/ctcontroller/custom_jetson_app.py:82]
2026-03-11 18:54:12,649 INFO: jetson_sleep_sec=0.05 [in /Users/harikeshbyrandurgagopinath/Desktop/ICICLE_projects/edge-inference-sandbox/ct-controller/ctcontroller/custom_jetson_app.py:83]
2026-03-11 18:54:12,649 INFO: Staging app from /Users/harikeshbyrandurgagopinath/Desktop/ICICLE_projects/edge-inference-sandbox/ct-controller/ctcontroller/jetson_app to /home/nono/custom_jetson_run [in /Users/harikeshbyrandurgagopinath/Desktop/ICICLE_projects/edge-inference-sandbox/ct-controller/ctcontroller/custom_jetson_app.py:32]
2026-03-11 18:54:12,699 INFO: Copying from /Users/harikeshbyrandurgagopinath/Desktop/ICICLE_projects/edge-inference-sandbox/ct-controller/ctcontroller/jetson_app on local system to /home/nono/custom_jetson_run on remote [in /Users/harikeshbyrandurgagopinath/Desktop/ICICLE_projects/edge-inference-sandbox/ct-controller/ctcontroller/remote.py:228]
2026-03-11 18:54:12,983 INFO: Staged app root = /home/nono/custom_jetson_run/jetson_app [in /Users/harikeshbyrandurgagopinath/Desktop/ICICLE_projects/edge-inference-sandbox/ct-controller/ctcontroller/custom_jetson_app.py:47]
2026-03-11 18:54:12,983 INFO: Running "find /home/nono/custom_jetson_run/jetson_app -maxdepth 3 -type f | sort > /home/nono/custom_jetson_run/staged_files.txt" on remote server "192.168.1.178" [in /Users/harikeshbyrandurgagopinath/Desktop/ICICLE_projects/edge-inference-sandbox/ct-controller/ctcontroller/remote.py:134]
2026-03-11 18:54:13,408 INFO: Executing staged app: /home/nono/custom_jetson_run/jetson_app/app/main.py [in /Users/harikeshbyrandurgagopinath/Desktop/ICICLE_projects/edge-inference-sandbox/ct-controller/ctcontroller/custom_jetson_app.py:56]
2026-03-11 18:54:13,409 INFO: Running "cd /home/nono/custom_jetson_run/jetson_app && MODEL_PATH='./models/Yolo-cnw.pt' THRESHOLD='0.8' TARGET_CLS='38' GPIO_PIN='33' SLEEP_SEC='0.05' python3 app/main.py" on remote server "192.168.1.178".
Logging stdout=>/Users/harikeshbyrandurgagopinath/Desktop/ICICLE_projects/edge-inference-sandbox/ct-controller/output/custom_app_out.log and stderr=>/Users/harikeshbyrandurgagopinath/Desktop/ICICLE_projects/edge-inference-sandbox/ct-controller/output/custom_app_err.log [in /Users/harikeshbyrandurgagopinath/Desktop/ICICLE_projects/edge-inference-sandbox/ct-controller/ctcontroller/remote.py:162]
